CountryName,CountryCode,1971,1972,1973,1974,1975,1976,1977,1978,1979,1980,1981,1982,1983,1984,1985,1986,1987,1988,1989,1990,1991,1992,1993,1994,1995,1996,1997,1998,1999,2000,2001,2002,2003,2004,2005,2006,2007,2008,2009,2010,2011,2012,2013,2014,2015,2016,2017,2018,2019,2020,2021,2022
Afghanistan,AFG,NA,NA,NA,94.5592498779297,NA,NA,NA,NA,NA,NA,NA,NA,NA,NA,NA,NA,NA,NA,NA,NA,NA,NA,NA,NA,NA,NA,NA,NA,NA,NA,NA,NA,NA,NA,NA,NA,NA,NA,NA,NA,NA,NA,NA,NA,NA,NA,NA,NA,NA,NA,NA,NA
Africa Eastern and Southern,AFE,NA,NA,NA,NA,NA,NA,NA,NA,NA,NA,NA,NA,NA,NA,NA,NA,NA,NA,NA,NA,NA,NA,NA,NA,NA,NA,NA,NA,NA,NA,NA,NA,NA,NA,NA,NA,NA,NA,NA,NA,NA,NA,NA,NA,NA,NA,NA,NA,NA,NA,NA,NA
Africa Western and Central,AFW,NA,NA,NA,NA,NA,NA,NA,NA,NA,NA,NA,NA,NA,NA,NA,NA,NA,NA,NA,NA,NA,NA,NA,NA,NA,NA,NA,NA,NA,NA,NA,NA,NA,NA,NA,NA,NA,NA,NA,NA,NA,NA,NA,NA,NA,NA,NA,NA,NA,NA,NA,NA
Albania,ALB,NA,NA,NA,NA,NA,NA,NA,NA,NA,NA,NA,NA,NA,NA,NA,NA,NA,NA,NA,NA,NA,NA,NA,NA,NA,NA,NA,NA,NA,7.58441019058228,4.58565998077393,NA,NA,NA,NA,NA,NA,NA,NA,NA,NA,NA,NA,NA,NA,NA,2.83799004554749,NA,NA,5.30226993560791,6.1030101776123,7.04516983032227
Algeria,DZA,NA,NA,NA,NA,NA,NA,NA,NA,NA,NA,NA,NA,NA,49.6215705871582,NA,NA,NA,NA,NA,NA,NA,NA,NA,NA,32.7286109924316,32.5381088256836,27.8466205596924,NA,NA,NA,NA,NA,NA,NA,NA,NA,NA,NA,NA,NA,NA,NA,NA,NA,NA,NA,NA,NA,NA,NA,NA,NA
American Samoa,ASM,NA,NA,NA,NA,NA,NA,NA,NA,NA,NA,NA,NA,NA,NA,NA,NA,NA,NA,NA,NA,NA,NA,NA,NA,NA,NA,NA,NA,NA,NA,NA,NA,NA,NA,NA,NA,NA,NA,NA,NA,NA,NA,NA,NA,NA,NA,NA,NA,NA,NA,NA,NA
Andorra,AND,NA,NA,NA,NA,NA,NA,NA,NA,NA,NA,NA,NA,NA,NA,NA,NA,NA,NA,NA,NA,NA,NA,NA,NA,NA,NA,NA,NA,NA,NA,NA,NA,NA,NA,NA,NA,NA,NA,NA,NA,NA,NA,NA,12.371789932251,11.7532501220703,9.35396957397461,8.54304981231689,8.963210105896,8.90688037872314,6.27954006195068,6.70534992218018,7.30957984924316
Angola,AGO,NA,NA,NA,NA,NA,NA,NA,NA,NA,NA,NA,28.6802997589111,NA,NA,NA,NA,NA,NA,NA,NA,NA,NA,NA,NA,NA,NA,NA,NA,NA,NA,NA,NA,NA,NA,NA,NA,NA,30.382080078125,30.6552295684814,29.9949207305908,NA,NA,NA,NA,NA,NA,NA,NA,NA,NA,NA,NA
Antigua and Barbuda,ATG,NA,NA,NA,NA,NA,NA,NA,NA,NA,NA,NA,NA,NA,NA,NA,NA,NA,NA,NA,NA,NA,NA,NA,NA,NA,NA,NA,NA,NA,NA,NA,NA,NA,NA,NA,NA,NA,NA,NA,NA,NA,NA,NA,NA,NA,NA,NA,NA,NA,NA,NA,NA
Arab World,ARB,NA,NA,NA,NA,NA,NA,NA,NA,NA,NA,NA,NA,NA,NA,NA,NA,NA,NA,NA,NA,NA,NA,NA,NA,NA,NA,NA,NA,NA,NA,NA,NA,NA,NA,NA,NA,NA,NA,NA,NA,NA,NA,NA,NA,NA,NA,NA,NA,NA,NA,NA,NA
Argentina,ARG,NA,NA,NA,32.8546714782715,30.7021999359131,NA,NA,NA,NA,NA,NA,NA,NA,NA,NA,NA,NA,NA,NA,NA,NA,NA,NA,NA,NA,NA,NA,1.89958000183105,NA,NA,NA,NA,NA,NA,NA,NA,NA,NA,NA,NA,NA,NA,NA,NA,NA,NA,NA,NA,NA,NA,NA,NA
Armenia,ARM,NA,NA,NA,NA,NA,NA,NA,NA,NA,NA,NA,NA,NA,NA,NA,NA,NA,NA,NA,NA,NA,NA,NA,NA,NA,NA,NA,NA,NA,NA,NA,NA,NA,NA,NA,NA,10.242600440979,NA,6.22076988220215,7.48527002334595,10.4482498168945,NA,NA,NA,NA,6.05966997146606,3.77471995353699,2.42353010177612,2.21872997283936,NA,NA,NA
Aruba,ABW,NA,NA,NA,NA,NA,NA,NA,NA,NA,NA,NA,NA,NA,NA,NA,NA,NA,NA,NA,NA,NA,NA,NA,NA,NA,NA,NA,NA,6.58858013153076,12.583270072937,16.4353504180908,NA,2.78970003128052,NA,NA,NA,NA,NA,2.83592009544373,NA,NA,NA,NA,NA,NA,NA,NA,NA,NA,NA,NA,NA
Australia,AUS,NA,NA,NA,NA,NA,NA,NA,NA,NA,NA,NA,NA,NA,NA,NA,NA,NA,NA,NA,NA,NA,NA,0.706939995288849,0.556320011615753,0.605069994926453,0.480289995670319,NA,NA,NA,NA,NA,NA,NA,NA,NA,NA,NA,NA,NA,NA,NA,NA,NA,NA,NA,NA,NA,NA,NA,0.155279994010925,0.613610029220581,NA
Austria,AUT,NA,NA,NA,NA,NA,NA,NA,NA,NA,NA,NA,NA,NA,NA,NA,NA,NA,NA,NA,NA,NA,NA,NA,NA,NA,NA,NA,NA,1.10505998134613,1.18930995464325,NA,1.11373996734619,1.07410001754761,0.864539980888367,0.857179999351501,1.0665500164032,1.25300002098083,1.23617994785309,1.21881997585297,1.39577996730804,1.3191100358963,1.15748000144958,1.11178994178772,1.21458995342255,1.2208399772644,1.85037994384766,1.42589998245239,1.27775001525879,1.26823997497559,1.17755997180939,1.10939002037048,NA
Azerbaijan,AZE,NA,NA,NA,NA,NA,NA,NA,NA,NA,NA,NA,NA,NA,NA,NA,NA,NA,NA,NA,NA,NA,NA,NA,NA,NA,NA,NA,NA,NA,NA,NA,NA,NA,NA,NA,11.2089500427246,12.1300296783447,11.4847297668457,12.0893898010254,12.60023021698,13.73464012146,13.482720375061,13.9111795425415,13.6468601226807,10.936900138855,7.19049978256226,0.458579987287521,0.896449983119965,0.298020005226135,17.2233295440674,14.750189781189,13.3687200546265
"Bahamas, The",BHS,NA,NA,NA,NA,NA,NA,NA,NA,NA,NA,NA,NA,NA,NA,NA,NA,NA,NA,NA,NA,NA,NA,NA,NA,NA,NA,NA,NA,14.8365697860718,NA,NA,NA,NA,17.9664096832275,16.4808502197266,NA,NA,NA,NA,NA,NA,NA,NA,NA,NA,NA,NA,NA,NA,NA,NA,NA
Bahrain,BHR,NA,NA,NA,NA,NA,NA,23.4850692749023,18.583309173584,15.8332099914551,NA,NA,13.1149101257324,8.40740966796875,18.1058692932129,15.2975997924805,12.9540700912476,14.1305198669434,NA,7.41462993621826,NA,NA,NA,NA,10.2280902862549,14.1560001373291,NA,16.5672206878662,14.090069770813,10.9002103805542,8.45722961425781,6.15340995788574,5.36571979522705,5.62765979766846,7.25611019134521,7.43640995025635,4.65592002868652,NA,NA,NA,NA,7.81618022918701,5.11218023300171,NA,NA,2.34621000289917,1.03866994380951,1.41618001461029,2.27414989471436,1.08650004863739,NA,NA,3.06891989707947
Bangladesh,BGD,NA,NA,NA,NA,NA,NA,NA,NA,NA,NA,NA,NA,NA,NA,NA,NA,NA,NA,NA,NA,NA,NA,NA,NA,NA,NA,NA,NA,NA,NA,NA,NA,NA,NA,26.0698509216309,26.8047103881836,NA,NA,25.9757194519043,14.7022037506104,NA,NA,NA,NA,NA,NA,NA,NA,NA,NA,2.63318729400635,10.7400217056274
Barbados,BRB,NA,NA,NA,NA,NA,NA,NA,NA,NA,NA,NA,NA,NA,NA,NA,NA,NA,NA,6.93054008483887,NA,NA,NA,NA,NA,NA,NA,NA,NA,NA,NA,8.76342010498047,3.13712000846863,8.41551971435547,5.97799015045166,NA,NA,NA,8.04660987854004,5.59235000610352,7.79433012008667,4.13891983032227,NA,NA,NA,NA,NA,NA,NA,1.60529005527496,5.79092979431152,NA,NA
Belarus,BLR,NA,NA,NA,NA,NA,NA,NA,NA,NA,NA,NA,NA,NA,NA,NA,NA,NA,NA,NA,NA,NA,NA,NA,NA,NA,NA,NA,NA,NA,NA,NA,NA,NA,NA,NA,NA,NA,NA,NA,0.146799996495247,1.7325199842453,2.215980052948,5.1009202003479,5.48997020721436,6.47188997268677,6.88889980316162,7.33673000335693,7.50754976272583,7.21044015884399,7.18621015548706,6.33568000793457,7.68410015106201
Belgium,BEL,NA,NA,NA,NA,NA,NA,NA,NA,NA,NA,NA,NA,NA,NA,NA,NA,NA,NA,NA,NA,NA,NA,0.686190009117126,NA,NA,0.723349988460541,NA,NA,1.47730004787445,0.758109986782074,NA,0.324690014123917,NA,0.35547000169754,NA,0.773500025272369,0.863489985466003,0.990700006484985,1.24623000621796,1.43250000476837,2.11189007759094,1.94843995571136,1.85274004936218,1.82871997356415,1.91834998130798,1.9585599899292,1.11304998397827,1.05020999908447,1.07328999042511,1.07904005050659,1.25273001194,NA
Belize,BLZ,NA,NA,NA,NA,NA,NA,NA,NA,NA,NA,NA,NA,NA,NA,NA,NA,NA,NA,NA,NA,NA,NA,NA,NA,NA,NA,NA,NA,8.35406970977783,5.83731985092163,11.1186800003052,NA,6.11205005645752,NA,10.7445001602173,10.6168804168701,10.6696996688843,11.0593500137329,12.369119644165,13.5795803070068,13.882399559021,10.8397302627563,9.71529006958008,9.6799201965332,10.8837404251099,11.7490901947021,10.1071796417236,8.71181964874268,10.1873197555542,15.9036598205566,4.73857021331787,6.48648977279663
Benin,BEN,NA,NA,NA,NA,NA,NA,NA,NA,NA,NA,NA,NA,NA,NA,NA,NA,NA,NA,NA,NA,NA,NA,NA,NA,NA,NA,NA,NA,NA,NA,NA,NA,NA,NA,NA,NA,NA,NA,NA,NA,NA,NA,43.61083984375,NA,NA,NA,NA,NA,NA,48.361930847168,47.8120498657227,47.4787788391113
Bermuda,BMU,NA,NA,NA,NA,NA,NA,NA,NA,NA,NA,NA,NA,NA,NA,NA,NA,NA,NA,NA,NA,NA,NA,NA,NA,NA,NA,NA,NA,NA,NA,NA,NA,NA,NA,NA,NA,NA,NA,NA,NA,NA,NA,NA,NA,NA,NA,NA,NA,NA,NA,NA,NA
Bhutan,BTN,NA,NA,NA,NA,NA,NA,NA,NA,NA,NA,NA,NA,NA,NA,NA,NA,NA,NA,NA,NA,NA,NA,NA,NA,NA,NA,NA,54.4061889648438,51.079719543457,48.5853004455566,44.821949005127,NA,NA,NA,37.3517417907715,33.8892517089844,NA,24.5670890808105,20.7799892425537,14.8812303543091,11.2429304122925,6.96260976791382,8.83277034759521,NA,8.05189990997314,9.07668018341064,9.75866031646729,9.67504978179932,NA,NA,8.98926162719727,8.06746387481689
Bolivia,BOL,NA,NA,NA,NA,NA,NA,NA,NA,NA,NA,NA,NA,NA,NA,NA,NA,NA,NA,NA,NA,NA,NA,NA,NA,NA,NA,NA,17.3910293579102,11.0501203536987,8.99396991729736,7.33086013793945,5.73907995223999,6.61962985992432,7.82152986526489,6.30030012130737,6.03374004364014,4.40982007980347,NA,NA,NA,NA,NA,NA,NA,NA,NA,NA,NA,NA,NA,NA,NA
Bosnia and Herzegovina,BIH,NA,NA,NA,NA,NA,NA,NA,NA,NA,NA,NA,NA,NA,NA,NA,NA,NA,NA,NA,NA,NA,NA,NA,NA,NA,NA,NA,NA,NA,NA,NA,NA,NA,NA,NA,NA,NA,NA,NA,NA,NA,NA,NA,NA,9.08117008209229,9.41886043548584,11.7945804595947,11.8789501190186,7.6362099647522,7.41155004501343,7.57928991317749,7.53591012954712
Botswana,BWA,55.0120582580566,56.9427490234375,40.3662185668945,42.2626686096191,43.0741996765137,44.534351348877,42.2458305358887,40.4709587097168,35.8745994567871,33.2192192077637,51.0750198364258,NA,NA,33.541820526123,31.1469802856445,37.0139999389648,NA,NA,13.4921102523804,14.6298799514771,7.51131010055542,14.895299911499,14.4773797988892,13.8407001495361,8.37255001068115,NA,NA,NA,7.26553010940552,9.83341979980469,NA,9.06075000762939,6.95136022567749,NA,NA,NA,NA,NA,NA,NA,NA,NA,10.2244920730591,18.17307472229,NA,NA,NA,NA,NA,NA,10.5123481750488,NA
Brazil,BRA,NA,NA,NA,NA,NA,NA,NA,NA,NA,NA,NA,NA,NA,NA,NA,NA,NA,NA,NA,NA,NA,NA,NA,NA,NA,NA,NA,NA,NA,NA,NA,NA,NA,NA,NA,NA,NA,NA,NA,NA,NA,5.33071994781494,1.50551998615265,3.78893995285034,4.24499988555908,3.32914996147156,3.59130001068115,3.15316009521484,2.65546989440918,2.31728005409241,3.73884010314941,NA
British Virgin Islands,VGB,NA,NA,NA,NA,NA,NA,NA,NA,NA,NA,NA,NA,NA,NA,NA,NA,NA,NA,NA,NA,NA,5.28966999053955,NA,NA,NA,NA,NA,NA,NA,NA,NA,NA,NA,NA,NA,NA,NA,NA,NA,NA,11.0183601379395,NA,5.43131017684937,NA,NA,NA,NA,NA,NA,NA,20.3566093444824,7.68071985244751
Brunei Darussalam,BRN,NA,NA,NA,NA,NA,NA,19.5428104400635,18.5355396270752,13.9276895523071,11.5689697265625,7.67407989501953,7.73358011245728,7.52221012115479,9.16775035858154,NA,NA,NA,NA,NA,NA,NA,NA,NA,NA,NA,NA,NA,NA,NA,NA,NA,NA,NA,NA,6.9868597984314,0.897719979286194,1.22091996669769,1.26155996322632,NA,0.974749982357025,NA,NA,0.0727802067995071,NA,NA,NA,NA,1.2693498134613,0.376943618059158,0.745795011520386,NA,NA
Bulgaria,BGR,NA,NA,NA,NA,NA,NA,NA,NA,NA,NA,NA,NA,NA,NA,NA,NA,NA,NA,NA,NA,NA,NA,NA,NA,NA,NA,NA,7.76898002624512,6.2297101020813,3.97189998626709,3.24346995353699,NA,NA,NA,NA,2.83570003509521,2.60767006874084,5.7974100112915,5.72299003601074,4.78642988204956,5.71397018432617,7.2973198890686,4.20067977905273,4.78448009490967,6.0344500541687,7.53666019439697,8.65995025634766,8.88247966766357,9.35431957244873,10.1819295883179,10.4759902954102,NA
Burkina Faso,BFA,NA,NA,NA,NA,NA,NA,NA,NA,NA,NA,NA,NA,95.2015228271484,NA,NA,NA,NA,NA,91.6641235351562,NA,NA,NA,NA,NA,NA,NA,NA,NA,84.7033309936523,NA,87.6218719482422,NA,85.3171081542969,84.0933227539062,84.5535125732422,82.0126800537109,80.8508834838867,77.9574813842773,74.0253601074219,59.1518211364746,57.0507583618164,53.8389511108398,49.6861801147461,45.8961181640625,43.0989608764648,48.4293098449707,47.1328887939453,44.0150604248047,45.9411697387695,46.2892112731934,46.3959503173828,50.2800216674805
Burundi,BDI,NA,NA,NA,NA,NA,NA,NA,NA,NA,91.8139801025391,NA,90.5013427734375,90.1669464111328,89.8750991821289,89.4184417724609,87.0939712524414,84.5346221923828,NA,NA,NA,NA,NA,74.7295379638672,NA,NA,NA,NA,NA,NA,NA,NA,NA,NA,NA,NA,NA,NA,NA,34.1716003417969,28.5688896179199,NA,26.2927474975586,16.0554218292236,22.8650760650635,28.2341003417969,27.8871669769287,30.3603591918945,33.9606285095215,36.3370590209961,30.2048301696777,39.6270294189453,33.8358497619629
Cabo Verde,CPV,NA,NA,NA,NA,NA,NA,NA,NA,NA,NA,NA,NA,NA,NA,NA,NA,56.7426109313965,NA,NA,NA,NA,NA,NA,54.7466087341309,NA,NA,NA,NA,NA,NA,NA,3.22336006164551,4.41715002059937,6.32939004898071,3.7919499874115,5.86591005325317,8.45802021026611,NA,10.2558603286743,NA,NA,13.5998096466064,14.1202297210693,14.9014902114868,15.1986999511719,14.0357599258423,14.4540500640869,15.5217399597168,17.2648296356201,NA,NA,NA
Cambodia,KHM,NA,NA,NA,NA,NA,NA,NA,NA,NA,NA,NA,NA,NA,NA,NA,NA,NA,NA,NA,NA,NA,NA,NA,NA,NA,NA,NA,86.9631271362305,88.4394073486328,87.2775421142578,85.5165100097656,81.3118591308594,77.443603515625,76.6404571533203,71.4631576538086,36.2034492492676,14.6586198806763,17.9438800811768,NA,8.30296039581299,20.8327808380127,21.0307502746582,NA,16.3284702301025,12.7553300857544,NA,NA,NA,NA,11.0864496231079,12.9328327178955,NA
Cameroon,CMR,65.2968521118164,64.1542205810547,65.0033187866211,54.0604209899902,61.8285102844238,61.1640396118164,60.9157981872559,60.1302680969238,58.9307289123535,58.3730201721191,NA,NA,NA,NA,NA,NA,NA,NA,NA,NA,NA,NA,NA,NA,NA,NA,NA,NA,NA,NA,NA,NA,NA,NA,NA,NA,NA,NA,NA,NA,NA,42.1656913757324,NA,40.2953681945801,39.2256393432617,40.0770301818848,47.9292068481445,51.7450561523438,NA,51.003345489502,51.0051307678223,49.2695808410645
Canada,CAN,NA,NA,NA,NA,NA,NA,NA,NA,NA,NA,NA,NA,NA,NA,NA,NA,NA,NA,NA,NA,NA,NA,NA,2.31568002700806,NA,NA,NA,NA,NA,NA,NA,NA,NA,NA,NA,NA,NA,NA,NA,NA,NA,NA,NA,NA,NA,NA,NA,NA,NA,NA,NA,NA
Caribbean small states,CSS,NA,NA,NA,NA,NA,NA,NA,NA,NA,NA,NA,NA,NA,NA,NA,NA,NA,NA,NA,NA,NA,NA,NA,NA,NA,NA,NA,NA,NA,NA,NA,NA,NA,NA,NA,NA,NA,NA,NA,NA,NA,NA,NA,NA,NA,NA,NA,NA,NA,NA,NA,NA
Cayman Islands,CYM,NA,NA,NA,NA,NA,NA,NA,NA,NA,NA,NA,NA,NA,NA,NA,NA,NA,NA,NA,NA,NA,NA,NA,NA,NA,NA,NA,NA,22.1138191223145,6.26958990097046,18.978099822998,6.03566980361938,NA,5.700119972229,NA,5.36353015899658,NA,NA,NA,NA,6.05354976654053,6.1111102104187,3.44456005096436,NA,NA,NA,NA,NA,NA,NA,NA,NA
Central African Republic,CAF,87.6695098876953,90.30859375,89.1739730834961,NA,NA,NA,NA,NA,NA,NA,NA,NA,NA,NA,NA,NA,NA,NA,NA,NA,NA,NA,NA,NA,NA,NA,NA,NA,NA,NA,NA,NA,NA,NA,NA,NA,NA,NA,70.7083969116211,NA,69.3401489257812,69.7073287963867,NA,NA,NA,NA,65.1110687255859,NA,NA,NA,NA,NA
Central Europe and the Baltics,CEB,NA,NA,NA,NA,NA,NA,NA,NA,NA,NA,NA,NA,NA,NA,NA,NA,NA,NA,NA,NA,NA,NA,NA,NA,NA,NA,NA,NA,NA,NA,NA,NA,NA,NA,NA,NA,NA,NA,NA,NA,NA,NA,NA,NA,NA,NA,NA,NA,NA,NA,NA,NA
Chad,TCD,NA,NA,NA,NA,NA,NA,NA,NA,NA,NA,NA,NA,NA,NA,NA,NA,NA,NA,NA,NA,NA,NA,NA,NA,NA,NA,NA,85.9562835693359,85.3053207397461,83.3740310668945,80.3360214233398,78.7300796508789,78.2294235229492,NA,NA,NA,NA,NA,NA,NA,NA,NA,NA,NA,69.843017578125,68.6618499755859,71.9646377563477,67.537956237793,68.7941131591797,NA,65.3789596557617,NA
Channel Islands,CHI,NA,NA,NA,NA,NA,NA,NA,NA,NA,NA,NA,NA,NA,NA,NA,NA,NA,NA,NA,NA,NA,NA,NA,NA,NA,NA,NA,NA,NA,NA,NA,NA,NA,NA,NA,NA,NA,NA,NA,NA,NA,NA,NA,NA,NA,NA,NA,NA,NA,NA,NA,NA
Chile,CHL,NA,NA,NA,NA,NA,NA,NA,NA,NA,NA,NA,NA,NA,NA,NA,NA,NA,NA,NA,NA,NA,NA,NA,NA,NA,NA,NA,NA,NA,NA,NA,NA,NA,NA,NA,NA,2.90796995162964,3.60037994384766,4.88082981109619,3.32773995399475,3.5987401008606,4.00524997711182,3.5204598903656,3.15821003913879,3.49777007102966,3.23942995071411,3.44857001304626,2.88077998161316,2.28648996353149,2.54516005516052,2.23152995109558,NA
China,CHN,NA,NA,NA,NA,NA,NA,NA,NA,NA,NA,NA,NA,NA,NA,NA,NA,NA,NA,NA,NA,NA,NA,NA,NA,NA,NA,NA,NA,NA,NA,NA,NA,NA,NA,NA,NA,NA,NA,NA,NA,NA,NA,NA,NA,NA,NA,NA,NA,NA,NA,NA,NA
Colombia,COL,NA,NA,NA,NA,NA,NA,NA,NA,NA,NA,NA,NA,NA,NA,NA,NA,NA,NA,NA,NA,NA,NA,NA,NA,NA,NA,NA,NA,NA,NA,NA,NA,NA,NA,9.52950954437256,3.93245005607605,2.87684988975525,2.94664001464844,1.69298994541168,2.58669996261597,0.672720015048981,2.08197999000549,1.3897500038147,2.33470010757446,3.89404010772705,4.28711986541748,3.90050005912781,3.4647901058197,2.87680006027222,1.96314001083374,1.67897999286652,NA
Comoros,COM,NA,NA,NA,NA,NA,NA,NA,NA,NA,NA,NA,NA,NA,NA,NA,NA,NA,NA,NA,NA,NA,NA,NA,NA,NA,NA,NA,NA,NA,NA,NA,NA,NA,NA,NA,NA,NA,NA,NA,NA,NA,NA,27.5160293579102,26.9034194946289,NA,NA,25.0524196624756,11.8152198791504,NA,NA,NA,NA
"Congo, Dem. Rep.",COD,NA,NA,NA,NA,NA,NA,NA,NA,NA,NA,NA,NA,NA,NA,NA,NA,NA,NA,NA,NA,NA,60.042350769043,58.1276702880859,65.5849533081055,NA,NA,NA,NA,NA,NA,NA,NA,NA,NA,NA,NA,NA,NA,NA,NA,NA,NA,NA,NA,NA,NA,NA,NA,NA,NA,NA,NA
"Congo, Rep.",COG,NA,49.0756416320801,NA,42.6607894897461,NA,36.5303192138672,NA,NA,NA,NA,NA,NA,NA,NA,NA,NA,NA,NA,NA,NA,NA,NA,NA,NA,NA,NA,NA,NA,NA,NA,NA,NA,NA,NA,NA,NA,NA,NA,NA,NA,NA,NA,NA,NA,NA,NA,NA,32.6607398986816,NA,NA,NA,NA
Costa Rica,CRI,NA,NA,29.9827194213867,NA,36.171199798584,36.4992408752441,NA,NA,31.3591709136963,NA,31.9081001281738,35.5302391052246,NA,NA,37.0756912231445,36.216438293457,35.3902702331543,NA,33.4612312316895,31.2605590820312,29.5298404693604,NA,NA,NA,NA,NA,NA,NA,NA,NA,NA,NA,NA,NA,NA,NA,NA,NA,NA,NA,8.68323993682861,10.424880027771,10.7892599105835,11.2259702682495,9.33967971801758,8.31373023986816,10.3112201690674,6.51376008987427,4.17349004745483,7.29305982589722,6.63425016403198,NA
Cote d'Ivoire,CIV,NA,NA,NA,NA,NA,NA,NA,NA,NA,NA,NA,NA,NA,NA,NA,NA,NA,NA,NA,NA,NA,NA,NA,NA,NA,NA,NA,NA,NA,NA,NA,NA,NA,NA,NA,NA,NA,NA,NA,NA,NA,NA,63.7874031066895,58.5513191223145,59.3783264160156,54.3672103881836,51.8242683410645,51.9594383239746,50.1801795959473,48.0463104248047,44.4440116882324,43.789478302002
Croatia,HRV,NA,NA,NA,NA,NA,NA,NA,NA,NA,NA,NA,NA,NA,NA,NA,NA,NA,NA,NA,NA,NA,NA,NA,NA,NA,NA,NA,NA,7.24965000152588,NA,NA,NA,NA,NA,NA,NA,NA,NA,NA,NA,NA,NA,NA,NA,NA,NA,NA,NA,NA,NA,NA,NA
Cuba,CUB,NA,37.5150909423828,33.213249206543,29.0007095336914,NA,NA,NA,NA,8.29728031158447,NA,NA,NA,NA,NA,NA,7.40258979797363,8.77647018432617,10.993989944458,8.74409961700439,6.90221977233887,7.53883981704712,9.75971031188965,NA,10.5118703842163,NA,NA,NA,NA,2.85773992538452,1.69307994842529,2.79018998146057,0.695640027523041,NA,NA,1.44713997840881,2.12497997283936,2.98055005073547,3.33159995079041,5.16503000259399,3.78421998023987,3.97974991798401,3.49331998825073,5.46533012390137,5.53942012786865,5.81841993331909,4.00341987609863,3.95035004615784,3.49988007545471,5.37482023239136,6.55777978897095,6.86831998825073,7.53739023208618
Curacao,CUW,NA,NA,NA,NA,NA,NA,NA,NA,NA,NA,NA,NA,NA,NA,NA,NA,NA,NA,NA,NA,NA,NA,NA,NA,NA,NA,NA,NA,NA,NA,NA,NA,NA,NA,NA,NA,NA,NA,NA,NA,NA,NA,NA,NA,NA,NA,NA,NA,NA,NA,NA,NA
Cyprus,CYP,NA,NA,NA,NA,NA,NA,NA,NA,NA,NA,NA,NA,NA,NA,NA,NA,NA,NA,NA,NA,NA,NA,NA,NA,NA,NA,NA,NA,NA,4.78565979003906,3.79762005805969,0.139980003237724,0.0750200003385544,NA,NA,1.23338997364044,2.13078999519348,2.56190991401672,2.53559994697571,3.83730006217957,4.07038021087646,0.649569988250732,NA,NA,1.90403997898102,2.24890995025635,NA,NA,NA,NA,NA,NA
Czechia,CZE,NA,NA,NA,NA,NA,NA,NA,NA,NA,NA,NA,NA,NA,NA,NA,NA,NA,NA,NA,NA,NA,NA,NA,NA,NA,NA,NA,NA,NA,NA,0.624899983406067,NA,NA,NA,NA,NA,NA,1.3418300151825,NA,NA,NA,NA,0.113119997084141,0.145960003137589,0.192900002002716,0.296909987926483,0.203979998826981,0.719500005245209,1.39221000671387,1.95073997974396,2.47726988792419,NA
Denmark,DNK,NA,NA,NA,NA,NA,NA,NA,NA,NA,NA,NA,NA,NA,NA,NA,NA,NA,NA,NA,NA,NA,NA,NA,NA,NA,NA,NA,0.585229992866516,NA,1.81411004066467,6.3715500831604,2.14368009567261,NA,0.964739978313446,0.167319998145103,2.40994000434875,0.981490015983582,0.922439992427826,0.931519985198975,1.02015995979309,0.786660015583038,0.86379998922348,0.647889971733093,0.758180022239685,0.643450021743774,0.816760003566742,0.668340027332306,0.693009972572327,0.55172997713089,0.477100014686584,0.567900002002716,NA
Djibouti,DJI,NA,NA,NA,NA,NA,NA,NA,NA,NA,NA,NA,NA,NA,NA,82.8516235351562,82.3087463378906,81.9289703369141,81.993049621582,NA,NA,NA,NA,NA,NA,NA,NA,83.1698608398438,NA,NA,NA,79.7400512695312,76.8094711303711,NA,73.0295867919922,74.1185836791992,74.8780899047852,72.2638626098633,64.0389099121094,NA,NA,NA,NA,NA,NA,61.5852203369141,NA,NA,NA,NA,57.4540786743164,56.8863906860352,54.7651290893555
Dominica,DMA,NA,NA,NA,NA,NA,NA,NA,NA,NA,NA,NA,NA,NA,NA,NA,NA,NA,NA,NA,NA,NA,NA,NA,NA,NA,NA,NA,NA,5.09322023391724,NA,3.82409000396729,NA,NA,NA,NA,1.75615000724792,NA,NA,0.842549979686737,NA,NA,NA,NA,NA,8.36608982086182,NA,NA,NA,15.0375900268555,14.1344995498657,16.6458892822266,NA
Dominican Republic,DOM,NA,NA,NA,NA,NA,NA,NA,NA,NA,NA,NA,NA,NA,NA,NA,NA,NA,NA,NA,NA,NA,NA,NA,NA,NA,NA,NA,NA,16.4345207214355,14.452449798584,NA,NA,NA,5.63583993911743,4.63144016265869,NA,5.05386018753052,3.10190010070801,9.52073955535889,9.61833953857422,7.70599985122681,7.75191020965576,3.18988990783691,3.01730990409851,NA,6.74430990219116,8.76027011871338,10.8021602630615,5.78208017349243,8.26327991485596,15.677020072937,10.635290145874
Early-demographic dividend,EAR,NA,NA,NA,NA,NA,NA,NA,NA,NA,NA,NA,NA,NA,NA,NA,NA,NA,NA,NA,NA,NA,NA,NA,NA,NA,NA,NA,NA,NA,NA,NA,NA,NA,NA,NA,NA,NA,NA,NA,NA,NA,NA,NA,NA,NA,NA,NA,NA,NA,NA,NA,NA
East Asia & Pacific,EAS,NA,NA,NA,NA,NA,NA,NA,NA,NA,NA,NA,NA,NA,NA,NA,NA,NA,NA,NA,NA,NA,NA,NA,NA,NA,NA,NA,NA,NA,NA,NA,NA,NA,NA,NA,NA,NA,NA,NA,NA,NA,NA,NA,NA,NA,NA,NA,NA,NA,NA,NA,NA
East Asia & Pacific (excluding high income),EAP,NA,NA,NA,NA,NA,NA,NA,NA,NA,NA,NA,NA,NA,NA,NA,NA,NA,NA,NA,NA,NA,NA,NA,NA,NA,NA,NA,NA,NA,NA,NA,NA,NA,NA,NA,NA,NA,NA,NA,NA,NA,NA,NA,NA,NA,NA,NA,NA,NA,NA,NA,NA
East Asia & Pacific (IDA & IBRD countries),TEA,NA,NA,NA,NA,NA,NA,NA,NA,NA,NA,NA,NA,NA,NA,NA,NA,NA,NA,NA,NA,NA,NA,NA,NA,NA,NA,NA,NA,NA,NA,NA,NA,NA,NA,NA,NA,NA,NA,NA,NA,NA,NA,NA,NA,NA,NA,NA,NA,NA,NA,NA,NA
Ecuador,ECU,NA,NA,NA,NA,NA,NA,NA,NA,NA,NA,NA,NA,NA,NA,NA,NA,NA,NA,NA,NA,NA,NA,NA,NA,NA,NA,NA,31.4448108673096,30.7191200256348,30.274040222168,29.9419803619385,29.6150398254395,28.9362697601318,NA,26.3753204345703,24.9022998809814,24.5681495666504,NA,15.4676399230957,14.0887298583984,13.7430095672607,7.96239995956421,0.438490003347397,NA,NA,NA,2.29663991928101,3.04422998428345,2.63419008255005,0.850489974021912,0.0562499985098839,NA
"Egypt, Arab Rep.",EGY,NA,NA,NA,NA,NA,NA,NA,NA,NA,NA,NA,NA,NA,NA,NA,NA,NA,NA,NA,NA,NA,NA,NA,34.0035400390625,NA,NA,NA,NA,NA,NA,NA,NA,18.9973907470703,19.8533096313477,NA,NA,NA,NA,NA,NA,NA,NA,NA,16.3957901000977,NA,13.5047798156738,14.0051898956299,13.5866298675537,11.8722801208496,9.56847953796387,5.1420202255249,NA
El Salvador,SLV,NA,NA,NA,NA,NA,NA,NA,NA,NA,NA,NA,NA,NA,NA,NA,NA,NA,NA,NA,NA,NA,NA,NA,NA,NA,NA,NA,NA,NA,23.6207695007324,20.424560546875,15.7025604248047,NA,NA,5.83289003372192,11.4960498809814,10.0076398849487,10.045729637146,9.40211963653564,NA,NA,NA,NA,NA,12.7532997131348,16.8007698059082,NA,NA,NA,NA,NA,NA
Equatorial Guinea,GNQ,NA,NA,NA,NA,NA,NA,NA,NA,NA,NA,NA,NA,NA,NA,NA,NA,NA,NA,NA,NA,NA,NA,NA,NA,NA,NA,NA,NA,NA,NA,NA,NA,NA,NA,NA,NA,NA,NA,NA,NA,NA,NA,NA,NA,NA,NA,NA,NA,NA,NA,NA,NA
Eritrea,ERI,NA,NA,NA,NA,NA,NA,NA,NA,NA,NA,NA,NA,NA,NA,NA,NA,NA,NA,NA,NA,NA,NA,NA,45.5480308532715,42.9569091796875,NA,43.5958290100098,NA,44.0360717773438,40.2523918151855,42.4227409362793,40.5436515808105,38.3623313903809,42.0077209472656,42.104679107666,43.8742485046387,45.1373100280762,43.7719917297363,46.4000816345215,47.3944702148438,49.1222190856934,49.4115104675293,51.3449211120605,50.4239692687988,48.3081016540527,NA,45.066520690918,44.5294799804688,45.0225982666016,NA,NA,NA
Estonia,EST,NA,NA,NA,NA,NA,NA,NA,NA,NA,NA,NA,NA,NA,NA,NA,NA,NA,NA,NA,NA,NA,NA,NA,NA,NA,NA,NA,0.5417799949646,1.2082200050354,NA,NA,NA,NA,NA,NA,NA,NA,NA,NA,NA,NA,NA,NA,1.44716000556946,1.92716002464294,2.19084000587463,2.29592990875244,2.09716010093689,1.99109995365143,2.10405993461609,2.0073299407959,NA
Eswatini,SWZ,51.2724189758301,47.7797203063965,NA,40.8558616638184,41.3994483947754,41.8376998901367,39.5006904602051,NA,NA,NA,NA,NA,NA,NA,NA,NA,NA,NA,NA,NA,NA,NA,NA,NA,NA,NA,NA,NA,NA,NA,NA,NA,NA,NA,NA,NA,NA,NA,14.016900062561,12.8589200973511,8.82868003845215,NA,NA,NA,NA,NA,NA,NA,NA,NA,NA,NA
Ethiopia,ETH,NA,NA,NA,NA,NA,NA,NA,NA,NA,NA,NA,NA,NA,NA,NA,NA,NA,NA,NA,NA,NA,NA,NA,NA,NA,NA,NA,NA,75.3864974975586,74.1180114746094,71.9484786987305,69.6282577514648,67.7100982666016,65.0083770751953,61.3583183288574,56.1620407104492,52.7462882995605,49.7505416870117,48.5487289428711,44.956859588623,44.7956390380859,41.7317581176758,NA,48.1774787902832,49.0358200073242,NA,NA,NA,NA,NA,NA,49.8982162475586
Euro area,EMU,NA,NA,NA,NA,NA,NA,NA,NA,NA,NA,NA,NA,NA,NA,NA,NA,NA,NA,NA,NA,NA,NA,NA,NA,NA,NA,NA,NA,NA,NA,NA,NA,NA,NA,NA,NA,NA,NA,NA,NA,NA,NA,NA,NA,NA,NA,NA,NA,NA,NA,NA,NA
Europe & Central Asia,ECS,NA,NA,NA,NA,NA,NA,NA,NA,NA,NA,NA,NA,NA,NA,NA,NA,NA,NA,NA,NA,NA,NA,NA,NA,NA,NA,NA,NA,NA,NA,NA,NA,NA,NA,NA,NA,NA,NA,NA,NA,NA,NA,NA,NA,NA,NA,NA,NA,NA,NA,NA,NA
Europe & Central Asia (excluding high income),ECA,NA,NA,NA,NA,NA,NA,NA,NA,NA,NA,NA,NA,NA,NA,NA,NA,NA,NA,NA,NA,NA,NA,NA,NA,NA,NA,NA,NA,NA,NA,NA,NA,NA,NA,NA,NA,NA,NA,NA,NA,NA,NA,NA,NA,NA,NA,NA,NA,NA,NA,NA,NA
Europe & Central Asia (IDA & IBRD countries),TEC,NA,NA,NA,NA,NA,NA,NA,NA,NA,NA,NA,NA,NA,NA,NA,NA,NA,NA,NA,NA,NA,NA,NA,NA,NA,NA,NA,NA,NA,NA,NA,NA,NA,NA,NA,NA,NA,NA,NA,NA,NA,NA,NA,NA,NA,NA,NA,NA,NA,NA,NA,NA
European Union,EUU,NA,NA,NA,NA,NA,NA,NA,NA,NA,NA,NA,NA,NA,NA,NA,NA,NA,NA,NA,NA,NA,NA,NA,NA,NA,NA,NA,NA,NA,NA,NA,NA,NA,NA,NA,NA,NA,NA,NA,NA,NA,NA,NA,NA,NA,NA,NA,NA,NA,NA,NA,NA
Faroe Islands,FRO,NA,NA,NA,NA,NA,NA,NA,NA,NA,NA,NA,NA,NA,NA,NA,NA,NA,NA,NA,NA,NA,NA,NA,NA,NA,NA,NA,NA,NA,NA,NA,NA,NA,NA,NA,NA,NA,NA,NA,NA,NA,NA,NA,NA,NA,NA,NA,NA,NA,NA,NA,NA
Fiji,FJI,NA,NA,NA,NA,NA,NA,NA,NA,NA,NA,NA,NA,NA,NA,NA,NA,NA,NA,NA,NA,NA,NA,NA,NA,NA,NA,NA,NA,0.772339999675751,9.81709003448486,11.4673204421997,9.06818008422852,26.3784599304199,7.40719985961914,NA,2.99201989173889,3.17414999008179,NA,5.88234996795654,NA,5.25509977340698,5.81849002838135,4.08100175857544,NA,NA,5.32666730880737,NA,NA,NA,NA,NA,20.4445209503174
Finland,FIN,NA,NA,NA,NA,NA,NA,NA,NA,NA,NA,NA,NA,NA,NA,NA,NA,NA,NA,NA,NA,NA,NA,NA,NA,NA,NA,0.37007999420166,NA,0.656199991703033,0.858269989490509,0.48047998547554,0.768069982528687,0.782620012760162,0.636659979820251,0.64995002746582,0.47613999247551,0.629050016403198,0.593119978904724,0.830299973487854,0.738359987735748,0.848590016365051,0.954890012741089,1.0010199546814,1.20555996894836,1.17136001586914,0.80883002281189,0.622770011425018,0.719240009784698,0.788839995861053,1.10999000072479,1.28675997257233,NA
Fragile and conflict affected situations,FCS,NA,NA,NA,NA,NA,NA,NA,NA,NA,NA,NA,NA,NA,NA,NA,NA,NA,NA,NA,NA,NA,NA,NA,NA,NA,NA,NA,NA,NA,NA,NA,NA,NA,NA,NA,NA,NA,NA,NA,NA,NA,NA,NA,NA,NA,NA,NA,NA,NA,NA,NA,NA
France,FRA,NA,NA,NA,NA,NA,NA,NA,NA,NA,NA,NA,NA,NA,NA,NA,2.74442005157471,NA,NA,NA,NA,NA,NA,NA,NA,NA,NA,NA,NA,NA,4.85555982589722,5.14886999130249,5.47461986541748,5.46230983734131,5.50719022750854,0.711820006370544,0.838190019130707,1.11045002937317,0.784330010414124,0.68215000629425,0.564689993858337,1.38039004802704,1.47848999500275,1.65231001377106,2.39661002159119,1.88189995288849,1.49500000476837,1.17570996284485,0.958540022373199,0.625020027160645,0.0718899965286255,NA,NA
French Polynesia,PYF,NA,NA,NA,NA,NA,NA,NA,NA,NA,NA,NA,NA,NA,NA,NA,NA,NA,NA,NA,NA,NA,NA,NA,NA,NA,NA,NA,NA,NA,NA,NA,NA,NA,NA,NA,NA,NA,NA,NA,NA,NA,NA,NA,NA,NA,NA,NA,NA,NA,NA,NA,NA
Gabon,GAB,NA,NA,NA,NA,NA,NA,NA,NA,NA,NA,NA,NA,NA,NA,NA,NA,NA,NA,NA,NA,NA,NA,NA,NA,NA,NA,NA,NA,NA,NA,NA,NA,NA,NA,NA,NA,NA,NA,NA,NA,NA,NA,NA,NA,NA,NA,NA,NA,34.5644607543945,NA,NA,NA
"Gambia, The",GMB,NA,NA,NA,NA,NA,NA,NA,NA,NA,NA,NA,NA,NA,NA,NA,NA,NA,NA,NA,NA,NA,NA,NA,NA,NA,NA,NA,NA,NA,NA,NA,NA,NA,NA,NA,45.0333213806152,40.4892807006836,36.2686882019043,NA,32.8869209289551,NA,40.9199371337891,33.2126693725586,34.5287132263184,31.9453735351562,31.6001396179199,28.8248710632324,24.099178314209,23.0713996887207,20.928394317627,18.8780536651611,16.9366111755371
Georgia,GEO,NA,NA,NA,NA,NA,NA,NA,NA,NA,NA,NA,NA,NA,NA,NA,NA,NA,NA,NA,NA,NA,NA,NA,NA,NA,20.8588008880615,16.2731895446777,NA,NA,NA,NA,NA,NA,NA,9.50263977050781,NA,NA,NA,NA,NA,NA,NA,NA,NA,NA,NA,NA,NA,NA,NA,NA,NA
Germany,DEU,NA,NA,NA,NA,NA,NA,NA,NA,NA,NA,NA,NA,NA,NA,NA,NA,NA,NA,NA,NA,NA,NA,NA,NA,NA,NA,NA,NA,NA,NA,NA,1.83439004421234,1.77017998695374,1.45701003074646,1.16266000270844,1.08289003372192,0.954840004444122,0.938920021057129,0.79491001367569,1.07539999485016,2.19080996513367,0.432080000638962,0.564939975738525,0.538800001144409,0.824940025806427,1.53788995742798,1.12238001823425,1.00301003456116,1.00802004337311,0.973959982395172,0.13900999724865,NA
Ghana,GHA,NA,NA,NA,NA,NA,NA,NA,NA,NA,NA,NA,NA,NA,NA,NA,NA,NA,NA,NA,NA,NA,NA,NA,NA,NA,NA,NA,NA,49.046989440918,46.5593299865723,46.3459701538086,41.8074798583984,40.8632202148438,NA,29.3328399658203,21.5354690551758,23.569299697876,20.2228298187256,19.269359588623,NA,NA,NA,16.2166996002197,18.0645694732666,14.2853498458862,16.9964294433594,17.0841293334961,20.4680690765381,14.8875198364258,12.8048496246338,9.20143985748291,NA
Gibraltar,GIB,NA,NA,NA,NA,NA,NA,NA,NA,NA,NA,NA,NA,NA,NA,NA,NA,NA,NA,NA,NA,NA,NA,NA,NA,NA,NA,NA,NA,NA,NA,NA,NA,NA,NA,NA,NA,NA,NA,NA,NA,NA,NA,NA,NA,NA,NA,NA,NA,NA,NA,NA,NA
Greece,GRC,NA,32.3543395996094,30.1788005828857,29.1573390960693,27.3615398406982,26.5154705047607,22.1345100402832,21.0752792358398,18.8878593444824,12.5343904495239,NA,7.96894979476929,NA,9.30165958404541,8.93953990936279,7.92980003356934,5.97490978240967,6.38746023178101,6.2774600982666,NA,5.68259000778198,6.16898012161255,NA,11.0131196975708,NA,9.38218975067139,5.15361022949219,4.19776010513306,3.52225995063782,3.62392997741699,2.73513007164001,2.05070996284485,NA,NA,NA,NA,NA,NA,NA,NA,NA,NA,4.02885007858276,7.68710994720459,5.11932992935181,4.91201019287109,3.57677006721497,3.33899998664856,2.47967004776001,2.66795992851257,1.76267004013062,NA
Greenland,GRL,NA,NA,NA,NA,NA,NA,NA,NA,NA,NA,NA,NA,NA,NA,NA,NA,NA,NA,NA,NA,NA,NA,NA,NA,NA,NA,NA,NA,NA,NA,NA,NA,NA,NA,NA,NA,NA,NA,NA,NA,NA,NA,NA,NA,NA,NA,NA,NA,NA,NA,NA,NA
Grenada,GRD,NA,NA,NA,NA,NA,NA,NA,NA,NA,NA,NA,NA,NA,NA,NA,NA,NA,NA,NA,NA,NA,NA,NA,NA,NA,NA,NA,NA,NA,NA,NA,4.74279022216797,22.3283405303955,8.15565013885498,12.0367803573608,NA,NA,NA,NA,NA,NA,NA,5.51012992858887,9.42910003662109,0.952380955219269,NA,NA,NA,NA,NA,NA,NA
Guam,GUM,NA,NA,NA,NA,NA,NA,NA,NA,NA,NA,NA,NA,NA,NA,NA,NA,NA,NA,NA,NA,NA,NA,NA,NA,NA,NA,NA,NA,NA,NA,NA,NA,NA,NA,NA,NA,NA,NA,NA,NA,NA,NA,NA,NA,NA,NA,NA,NA,NA,NA,NA,NA
Guatemala,GTM,NA,76.4722290039062,NA,74.3865280151367,73.5224227905273,NA,NA,NA,NA,NA,NA,NA,NA,NA,NA,NA,NA,NA,NA,NA,NA,NA,NA,NA,NA,NA,NA,NA,53.4690284729004,50.3171882629395,45.3590202331543,44.9355506896973,NA,NA,NA,NA,NA,33.1860618591309,27.9953899383545,23.2209491729736,26.8874092102051,30.8591403961182,31.0875091552734,30.8358097076416,30.941780090332,33.4470710754395,34.9486198425293,34.0153198242188,NA,35.8087196350098,35.9575309753418,39.1163711547852
Guinea,GIN,NA,NA,NA,NA,NA,NA,NA,NA,NA,NA,NA,NA,NA,NA,NA,88.8274917602539,NA,NA,90.6993179321289,91.008186340332,NA,NA,NA,NA,NA,NA,NA,NA,81.2375030517578,NA,77.2603073120117,73.5823593139648,NA,69.6419677734375,65.8551712036133,63.6305313110352,NA,NA,NA,59.9862899780273,61.2946090698242,60.1138229370117,59.498664855957,59.32080078125,60.7428398132324,60.722484588623,NA,58.9938201904297,58.5651664733887,59.142448425293,58.8965950012207,NA
Guinea-Bissau,GNB,NA,NA,NA,NA,NA,NA,NA,NA,NA,NA,79.5944595336914,93.979248046875,NA,93.0550537109375,NA,NA,NA,NA,NA,NA,NA,NA,NA,NA,NA,NA,NA,NA,NA,64.5317993164062,NA,NA,NA,NA,NA,NA,NA,NA,NA,NA,NA,NA,NA,NA,NA,NA,NA,NA,NA,NA,NA,NA
Guyana,GUY,14.0923595428467,NA,NA,NA,NA,NA,NA,NA,NA,NA,NA,NA,NA,NA,NA,NA,NA,NA,NA,NA,NA,NA,NA,NA,NA,NA,NA,NA,NA,NA,NA,NA,NA,NA,NA,NA,NA,NA,7.61889982223511,NA,NA,NA,NA,NA,NA,NA,NA,NA,NA,NA,NA,NA
Haiti,HTI,NA,NA,NA,NA,NA,NA,NA,NA,NA,NA,NA,NA,NA,NA,NA,NA,NA,NA,NA,NA,NA,NA,NA,NA,NA,NA,NA,NA,NA,NA,NA,NA,NA,NA,NA,NA,NA,NA,NA,NA,NA,NA,NA,NA,NA,NA,NA,NA,NA,NA,NA,NA
Heavily indebted poor countries (HIPC),HPC,NA,NA,NA,NA,NA,NA,NA,NA,NA,NA,NA,NA,NA,NA,NA,NA,NA,NA,NA,NA,NA,NA,NA,NA,NA,NA,NA,NA,NA,NA,NA,NA,NA,NA,NA,NA,NA,NA,NA,NA,NA,NA,NA,NA,NA,NA,NA,NA,NA,NA,NA,NA
High income,HIC,NA,NA,NA,NA,NA,NA,NA,NA,NA,NA,NA,NA,NA,NA,NA,NA,NA,NA,NA,NA,NA,NA,NA,NA,NA,NA,NA,NA,NA,NA,NA,NA,NA,NA,NA,NA,NA,NA,NA,NA,NA,NA,NA,NA,NA,NA,NA,NA,NA,NA,NA,NA
Honduras,HND,NA,NA,NA,NA,NA,NA,NA,NA,NA,NA,NA,NA,NA,NA,NA,NA,NA,NA,NA,NA,NA,NA,NA,NA,NA,NA,NA,NA,NA,NA,NA,NA,NA,NA,NA,NA,NA,NA,NA,NA,NA,31.6379699707031,NA,32.2057838439941,35.8585815429688,38.5988121032715,38.9747505187988,39.9579277038574,41.4570198059082,42.4997215270996,44.1767921447754,NA
"Hong Kong SAR, China",HKG,NA,NA,NA,NA,NA,NA,28.7358493804932,26.288610458374,22.3202896118164,20.7583904266357,17.1490802764893,NA,11.7570104598999,10.9562702178955,10.6854696273804,NA,NA,NA,NA,NA,NA,NA,NA,NA,NA,12.3317403793335,NA,NA,NA,NA,8.84062004089355,8.15622997283936,4.28549003601074,5.00565004348755,5.37725019454956,6.33198022842407,4.45952987670898,3.80628991127014,2.02991008758545,NA,NA,NA,NA,NA,NA,4.34993982315063,2.61311006546021,5.85731983184814,9.1074800491333,9.03794956207275,NA,NA
Hungary,HUN,NA,NA,NA,NA,NA,NA,NA,NA,NA,NA,NA,NA,NA,NA,NA,NA,NA,NA,NA,NA,NA,NA,NA,NA,NA,NA,4.34046983718872,4.73919010162354,4.13273000717163,3.54524993896484,0.624029994010925,NA,NA,NA,NA,NA,NA,NA,NA,0.370869994163513,NA,1.12049996852875,1.64902997016907,1.97398996353149,2.50483989715576,2.91561007499695,3.24003005027771,3.95286011695862,4.56297016143799,4.74211978912354,5.45304012298584,NA
IBRD only,IBD,NA,NA,NA,NA,NA,NA,NA,NA,NA,NA,NA,NA,NA,NA,NA,NA,NA,NA,NA,NA,NA,NA,NA,NA,NA,NA,NA,NA,NA,NA,NA,NA,NA,NA,NA,NA,NA,NA,NA,NA,NA,NA,NA,NA,NA,NA,NA,NA,NA,NA,NA,NA
Iceland,ISL,NA,NA,NA,NA,NA,NA,NA,NA,NA,NA,NA,NA,NA,NA,NA,NA,NA,NA,NA,NA,NA,NA,NA,NA,NA,NA,NA,NA,0.99124002456665,0.953840017318726,0.906910002231598,NA,0.765269994735718,1.24505996704102,0.664699971675873,1.10148000717163,0.94242000579834,0.611259996891022,1.01664996147156,0.8505499958992,1.05754005908966,0.957759976387024,0.992590010166168,1.13442003726959,1.20501005649567,0.859600007534027,0.717700004577637,0.920149981975555,0.738349974155426,1.07429003715515,1.10364997386932,NA
IDA & IBRD total,IBT,NA,NA,NA,NA,NA,NA,NA,NA,NA,NA,NA,NA,NA,NA,NA,NA,NA,NA,NA,NA,NA,NA,NA,NA,NA,NA,NA,NA,NA,NA,NA,NA,NA,NA,NA,NA,NA,NA,NA,NA,NA,NA,NA,NA,NA,NA,NA,NA,NA,NA,NA,NA
IDA blend,IDB,NA,NA,NA,NA,NA,NA,NA,NA,NA,NA,NA,NA,NA,NA,NA,NA,NA,NA,NA,NA,NA,NA,NA,NA,NA,NA,NA,NA,NA,NA,NA,NA,NA,NA,NA,NA,NA,NA,NA,NA,NA,NA,NA,NA,NA,NA,NA,NA,NA,NA,NA,NA
IDA only,IDX,NA,NA,NA,NA,NA,NA,NA,NA,NA,NA,NA,NA,NA,NA,NA,NA,NA,NA,NA,NA,NA,NA,NA,NA,NA,NA,NA,NA,NA,NA,NA,NA,NA,NA,NA,NA,NA,NA,NA,NA,NA,NA,NA,NA,NA,NA,NA,NA,NA,NA,NA,NA
IDA total,IDA,NA,NA,NA,NA,NA,NA,NA,NA,NA,NA,NA,NA,NA,NA,NA,NA,NA,NA,NA,NA,NA,NA,NA,NA,NA,NA,NA,NA,NA,NA,NA,NA,NA,NA,NA,NA,NA,NA,NA,NA,NA,NA,NA,NA,NA,NA,NA,NA,NA,NA,NA,NA
India,IND,NA,NA,NA,NA,NA,NA,NA,NA,NA,NA,NA,NA,NA,NA,NA,NA,NA,NA,NA,NA,NA,NA,NA,NA,NA,NA,NA,NA,NA,NA,NA,NA,NA,NA,NA,NA,NA,NA,NA,NA,NA,NA,14.8484296798706,NA,NA,NA,NA,NA,NA,12.5462856292725,11.8118028640747,12.274956703186
Indonesia,IDN,NA,66.4537734985352,NA,65.2607879638672,65.5160369873047,63.9138984680176,NA,60.6094093322754,NA,NA,NA,NA,NA,NA,NA,NA,NA,NA,NA,NA,NA,NA,NA,NA,35.5456085205078,NA,NA,NA,NA,NA,25.9394302368164,25.0898399353027,19.2790508270264,16.9197597503662,19.125129699707,21.2720508575439,13.3085699081421,17.7815208435059,15.8580904006958,15.0813903808594,13.8560695648193,11.3434200286865,9.89980983734131,7.4832501411438,NA,NA,NA,8.47729969024658,NA,NA,1.91994595527649,2.00498986244202
"Iran, Islamic Rep.",IRN,NA,NA,NA,NA,NA,NA,NA,NA,NA,NA,NA,NA,NA,NA,NA,NA,NA,NA,NA,NA,NA,NA,NA,NA,NA,NA,NA,NA,NA,NA,NA,NA,NA,NA,NA,NA,NA,NA,NA,NA,NA,NA,NA,NA,NA,9.12094974517822,8.51920986175537,NA,NA,6.25856018066406,NA,NA
Iraq,IRQ,NA,NA,NA,NA,69.0596313476562,70.167106628418,65.7040634155273,62.038818359375,55.7674713134766,51.9688301086426,48.2929306030273,NA,NA,NA,47.4429893493652,NA,49.6768608093262,51.2821617126465,51.462230682373,NA,NA,NA,52.5125999450684,NA,NA,NA,NA,NA,62.0834999084473,60.1818313598633,NA,NA,52.5910606384277,51.1251411437988,NA,NA,43.2595291137695,NA,NA,NA,NA,NA,NA,NA,NA,NA,NA,NA,NA,NA,NA,NA
Ireland,IRL,7.5142297744751,7.79165983200073,3.99994993209839,3.06981992721558,1.51682996749878,0.699959993362427,0.702430009841919,1.48457002639771,NA,NA,NA,0.547540009021759,NA,NA,NA,NA,NA,NA,NA,NA,1.05552995204926,0.80716997385025,NA,NA,NA,NA,0.253710001707077,NA,NA,NA,NA,NA,NA,NA,NA,NA,NA,NA,NA,NA,NA,NA,NA,NA,NA,NA,NA,NA,NA,NA,NA,NA
Isle of Man,IMN,NA,NA,NA,NA,NA,NA,NA,NA,NA,NA,NA,NA,NA,NA,NA,NA,NA,NA,NA,NA,NA,NA,NA,NA,NA,NA,NA,NA,NA,NA,NA,NA,NA,NA,NA,NA,NA,NA,NA,NA,NA,NA,NA,NA,NA,NA,NA,NA,NA,NA,NA,NA
Israel,ISR,NA,NA,NA,NA,NA,NA,NA,NA,NA,NA,NA,NA,NA,NA,NA,NA,NA,NA,NA,NA,NA,NA,NA,NA,NA,NA,NA,NA,NA,1.33940994739532,1.5587500333786,1.45071005821228,1.8236700296402,1.54732000827789,2.51092004776001,2.80364990234375,3.51309990882874,4.16179990768433,2.06298995018005,2.13497996330261,1.87268996238708,1.85460996627808,2.19360995292664,2.31716990470886,2.57209992408752,2.37319993972778,2.73702001571655,3.1793999671936,3.26235008239746,3.45627999305725,3.33558011054993,NA
Italy,ITA,NA,NA,NA,NA,NA,NA,NA,NA,NA,NA,NA,NA,NA,NA,NA,NA,NA,NA,NA,NA,NA,NA,NA,NA,NA,NA,NA,NA,NA,NA,NA,NA,NA,NA,NA,NA,NA,NA,NA,NA,NA,0.38170000910759,0.630299985408783,0.893459975719452,1.0759299993515,1.2404899597168,1.23255002498627,1.25522005558014,1.24827003479004,1.26421999931335,1.39974999427795,NA
Jamaica,JAM,NA,NA,NA,NA,NA,2.20669007301331,NA,NA,NA,NA,NA,NA,NA,NA,NA,NA,NA,NA,NA,NA,NA,NA,NA,NA,NA,NA,NA,NA,13.461540222168,17.527229309082,19.2209205627441,17.284969329834,15.1573801040649,9.44834995269775,9.26667022705078,NA,NA,NA,NA,NA,NA,NA,NA,NA,NA,NA,NA,NA,NA,NA,17.0294799804688,16.2154006958008
Japan,JPN,NA,NA,NA,NA,NA,NA,NA,NA,NA,NA,NA,NA,NA,NA,NA,NA,NA,NA,NA,NA,NA,NA,NA,NA,NA,NA,NA,NA,NA,NA,NA,NA,NA,NA,NA,NA,NA,NA,NA,NA,NA,NA,NA,NA,NA,NA,NA,NA,NA,NA,NA,NA
Jordan,JOR,NA,NA,NA,NA,NA,NA,NA,NA,NA,NA,NA,NA,NA,NA,NA,NA,NA,NA,NA,NA,NA,NA,NA,NA,NA,NA,NA,NA,8.9296703338623,10.6854801177979,NA,11.164870262146,11.5890102386475,13.2373895645142,15.9927701950073,13.9542503356934,NA,18.446870803833,NA,NA,20.2103805541992,NA,18.6007308959961,21.7353591918945,NA,NA,30.7045307159424,30.3559799194336,29.5161800384521,29.3558006286621,27.7059097290039,26.7560501098633
Kazakhstan,KAZ,NA,NA,NA,NA,NA,NA,NA,NA,NA,NA,NA,NA,NA,NA,NA,NA,NA,NA,NA,NA,NA,NA,NA,NA,NA,NA,NA,NA,NA,1.98954999446869,NA,4.58187007904053,4.6844801902771,NA,NA,NA,NA,NA,NA,NA,NA,NA,1.27154779434204,0.469828635454178,0.814596772193909,0.643152236938477,1.8867164850235,1.43074715137482,1.94721496105194,3.43598747253418,2.78120708465576,2.4999418258667
Kenya,KEN,NA,NA,NA,NA,NA,NA,NA,NA,NA,NA,NA,NA,NA,NA,NA,NA,NA,NA,NA,NA,NA,NA,NA,NA,NA,NA,NA,NA,NA,10.2907400131226,NA,13.7080497741699,7.68023014068604,6.93108987808228,4.4069299697876,5.42640018463135,NA,NA,NA,NA,NA,NA,NA,NA,NA,NA,NA,NA,NA,NA,NA,NA
Kiribati,KIR,NA,NA,NA,NA,NA,NA,NA,NA,NA,NA,NA,NA,NA,NA,NA,21.861780166626,NA,NA,NA,NA,NA,NA,NA,NA,NA,NA,NA,NA,NA,NA,NA,NA,NA,NA,NA,NA,NA,NA,NA,NA,NA,NA,NA,NA,NA,NA,NA,NA,NA,NA,NA,NA
"Korea, Dem. People's Rep.",PRK,NA,NA,NA,NA,NA,NA,NA,NA,NA,NA,NA,NA,NA,NA,NA,NA,NA,NA,NA,NA,NA,NA,NA,NA,NA,NA,NA,NA,NA,NA,NA,NA,NA,NA,NA,NA,NA,NA,NA,NA,NA,NA,NA,NA,NA,NA,NA,NA,NA,NA,NA,NA
"Korea, Rep.",KOR,50.2386093139648,47.0644111633301,44.1995811462402,40.2785987854004,39.6872100830078,35.9577598571777,32.7557411193848,31.9805107116699,24.3560600280762,19.6967296600342,16.1723308563232,NA,NA,18.1870899200439,15.9891004562378,13.2864799499512,NA,NA,11.2917499542236,NA,6.42753982543945,10.8084602355957,NA,NA,NA,1.41586005687714,7.13942003250122,5.00633001327515,3.93368005752563,0.1944600045681,NA,1.12270998954773,2.32928991317749,2.18144011497498,1.78996002674103,0.841690003871918,0.55664998292923,2.45700001716614,NA,NA,NA,NA,NA,NA,2.795490026474,3.70935988426208,3.75139999389648,NA,0.554069995880127,2.28305006027222,1.1457200050354,NA
Kosovo,XKX,NA,NA,NA,NA,NA,NA,NA,NA,NA,NA,NA,NA,NA,NA,NA,NA,NA,NA,NA,NA,NA,NA,NA,NA,NA,NA,NA,NA,NA,NA,NA,NA,NA,NA,NA,NA,NA,NA,NA,NA,NA,NA,NA,NA,NA,NA,NA,NA,NA,NA,NA,NA
Kuwait,KWT,38.6403312683105,39.0228805541992,42.0494689941406,NA,NA,NA,NA,NA,NA,NA,NA,NA,NA,NA,NA,NA,NA,NA,NA,NA,NA,46.5053787231445,NA,23.3573703765869,NA,NA,NA,NA,16.7194595336914,13.5290699005127,7.90022993087769,NA,2.76917004585266,0.987800002098083,NA,NA,NA,NA,NA,0.134519994258881,3.09491991996765,4.69246006011963,7.53927993774414,9.533860206604,6.48407983779907,NA,NA,NA,NA,NA,NA,NA
Kyrgyz Republic,KGZ,NA,NA,NA,NA,NA,NA,NA,NA,NA,NA,NA,NA,NA,NA,NA,NA,NA,NA,NA,NA,NA,NA,NA,NA,NA,NA,NA,NA,NA,NA,NA,NA,NA,16.8531608581543,15.1578702926636,12.1436004638672,10.7008399963379,9.6591100692749,NA,9.4519100189209,10.7173233032227,11.4152879714966,11.7254953384399,10.0638589859009,10.056468963623,8.84718894958496,8.19727897644043,7.88015699386597,7.77018356323242,6.85694074630737,6.84499740600586,6.73655223846436
Lao PDR,LAO,NA,NA,NA,NA,NA,NA,NA,NA,NA,NA,NA,NA,NA,NA,NA,NA,NA,NA,NA,NA,NA,45.9327201843262,43.154598236084,40.7854804992676,NA,NA,35.8830718994141,34.9377784729004,35.389591217041,37.2220687866211,37.0630798339844,34.209789276123,33.2233581542969,31.2856101989746,30.4029102325439,29.0950908660889,28.9587898254395,26.7113304138184,25.0915908813477,30.340539932251,30.0497093200684,28.2437477111816,26.8181228637695,22.9334354400635,21.1425361633301,24.4584560394287,23.315279006958,25.8060817718506,27.9465885162354,30.4633007049561,31.6027793884277,33.9709548950195
Late-demographic dividend,LTE,NA,NA,NA,NA,NA,NA,NA,NA,NA,NA,NA,NA,NA,NA,NA,NA,NA,NA,NA,NA,NA,NA,NA,NA,NA,NA,NA,NA,NA,NA,NA,NA,NA,NA,NA,NA,NA,NA,NA,NA,NA,NA,NA,NA,NA,NA,NA,NA,NA,NA,NA,NA
Latin America & Caribbean,LCN,NA,NA,NA,NA,NA,NA,NA,NA,NA,NA,NA,NA,NA,NA,NA,NA,NA,NA,NA,NA,NA,NA,NA,NA,NA,NA,NA,NA,NA,NA,NA,NA,NA,NA,NA,NA,NA,NA,NA,NA,NA,NA,NA,NA,NA,NA,NA,NA,NA,NA,NA,NA
Latin America & Caribbean (excluding high income),LAC,NA,NA,NA,NA,NA,NA,NA,NA,NA,NA,NA,NA,NA,NA,NA,NA,NA,NA,NA,NA,NA,NA,NA,NA,NA,NA,NA,NA,NA,NA,NA,NA,NA,NA,NA,NA,NA,NA,NA,NA,NA,NA,NA,NA,NA,NA,NA,NA,NA,NA,NA,NA
Latin America & the Caribbean (IDA & IBRD countries),TLA,NA,NA,NA,NA,NA,NA,NA,NA,NA,NA,NA,NA,NA,NA,NA,NA,NA,NA,NA,NA,NA,NA,NA,NA,NA,NA,NA,NA,NA,NA,NA,NA,NA,NA,NA,NA,NA,NA,NA,NA,NA,NA,NA,NA,NA,NA,NA,NA,NA,NA,NA,NA
Latvia,LVA,NA,NA,NA,NA,NA,NA,NA,NA,NA,NA,NA,NA,NA,NA,NA,NA,NA,NA,NA,NA,NA,NA,NA,NA,NA,NA,NA,NA,NA,NA,NA,NA,NA,NA,NA,NA,NA,NA,0.451220005750656,0.802119970321655,0.547360002994537,1.16965997219086,1.49889004230499,1.54365003108978,1.61277997493744,1.30751001834869,0.792659997940063,0.718909978866577,1.46977996826172,1.25648999214172,0.903159976005554,NA
Least developed countries: UN classification,LDC,NA,NA,NA,NA,NA,NA,NA,NA,NA,NA,NA,NA,NA,NA,NA,NA,NA,NA,NA,NA,NA,NA,NA,NA,NA,NA,NA,NA,NA,NA,NA,NA,NA,NA,NA,NA,NA,NA,NA,NA,NA,NA,NA,NA,NA,NA,NA,NA,NA,NA,NA,NA
Lebanon,LBN,NA,NA,NA,NA,NA,NA,NA,NA,NA,NA,NA,NA,NA,NA,NA,NA,NA,NA,NA,NA,NA,NA,NA,NA,NA,NA,NA,NA,NA,NA,NA,NA,NA,NA,NA,NA,NA,NA,NA,NA,NA,NA,NA,NA,NA,NA,NA,NA,NA,NA,NA,NA
Lesotho,LSO,NA,24.0216503143311,17.6690902709961,NA,NA,NA,29.5065898895264,11.2791204452515,12.65159034729,13.6622495651245,12.7794599533081,12.0169897079468,8.43284034729004,16.5404090881348,12.5895004272461,15.8915300369263,NA,NA,NA,NA,13.4743204116821,14.3740997314453,18.1085605621338,17.1760807037354,NA,16.1192092895508,NA,19.5119705200195,15.1336898803711,19.3793907165527,17.3773708343506,16.6407699584961,12.4214496612549,11.792670249939,8.82637977600098,8.68210983276367,12.2256202697754,11.4747896194458,9.18031024932861,8.88358020782471,9.48680019378662,11.3748397827148,9.80714988708496,10.887900352478,12.936429977417,15.7598495483398,13.3087854385376,NA,NA,NA,NA,NA
Liberia,LBR,NA,NA,NA,NA,NA,NA,NA,NA,NA,NA,NA,NA,NA,NA,NA,NA,NA,NA,NA,NA,NA,NA,NA,NA,NA,NA,NA,NA,NA,NA,NA,NA,NA,NA,NA,NA,NA,NA,NA,NA,19.4985694885254,NA,NA,29.0782699584961,NA,27.9087200164795,32.4250144958496,NA,NA,39.412769317627,NA,NA
Libya,LBY,NA,NA,NA,NA,NA,NA,32.5603408813477,31.8267498016357,NA,30.9088497161865,25.3746490478516,NA,18.940580368042,NA,NA,NA,NA,NA,NA,NA,NA,NA,NA,NA,NA,NA,NA,NA,NA,NA,NA,NA,NA,NA,NA,NA,NA,NA,NA,NA,NA,NA,NA,NA,NA,NA,NA,NA,NA,NA,NA,NA
Liechtenstein,LIE,NA,NA,NA,NA,NA,NA,NA,NA,NA,NA,NA,NA,NA,NA,NA,NA,NA,NA,NA,NA,NA,NA,NA,NA,NA,NA,NA,NA,NA,NA,NA,NA,6.02706003189087,NA,NA,NA,NA,6.22754001617432,8.54092979431152,NA,NA,7.24299001693726,NA,NA,NA,NA,NA,5.93667984008789,5.87467002868652,NA,3.31033992767334,NA
Lithuania,LTU,NA,NA,NA,NA,NA,NA,NA,NA,NA,NA,NA,NA,NA,NA,NA,NA,NA,NA,NA,NA,NA,NA,NA,NA,NA,NA,NA,5.57096004486084,4.29982995986938,NA,NA,NA,NA,NA,NA,NA,NA,NA,0.459399998188019,0.733590006828308,0.17013999819755601,0.0943500027060509,NA,NA,NA,NA,NA,NA,NA,NA,NA,NA
Low & middle income,LMY,NA,NA,NA,NA,NA,NA,NA,NA,NA,NA,NA,NA,NA,NA,NA,NA,NA,NA,NA,NA,NA,NA,NA,NA,NA,NA,NA,NA,NA,NA,NA,NA,NA,NA,NA,NA,NA,NA,NA,NA,NA,NA,NA,NA,NA,NA,NA,NA,NA,NA,NA,NA
Low income,LIC,NA,NA,NA,NA,NA,NA,NA,NA,NA,NA,NA,NA,NA,NA,NA,NA,NA,NA,NA,NA,NA,NA,NA,NA,NA,NA,NA,NA,NA,NA,NA,NA,NA,NA,NA,NA,NA,NA,NA,NA,NA,NA,NA,NA,NA,NA,NA,NA,NA,NA,NA,NA
Lower middle income,LMC,NA,NA,NA,NA,NA,NA,NA,NA,NA,NA,NA,NA,NA,NA,NA,NA,NA,NA,NA,NA,NA,NA,NA,NA,NA,NA,NA,NA,NA,NA,NA,NA,NA,NA,NA,NA,NA,NA,NA,NA,NA,NA,NA,NA,NA,NA,NA,NA,NA,NA,NA,NA
Luxembourg,LUX,NA,13.4445896148682,13.6702899932861,11.563850402832,12.0896997451782,11.3113098144531,10.6144504547119,NA,NA,NA,NA,12.4383401870728,14.8667001724243,13.4395704269409,NA,15.0246696472168,10.7881002426147,21.9894409179688,NA,NA,NA,NA,NA,NA,NA,NA,NA,NA,2.57829999923706,2.16565990447998,13.9845504760742,14.3754796981812,13.9360599517822,14.2217798233032,4.56698989868164,4.3167200088501,6.18061017990112,4.86815023422241,NA,2.33174991607666,1.21421003341675,1.12459003925323,2.69062995910645,2.0855700969696,2.92656993865967,2.10514998435974,3.30569005012512,2.93249011039734,3.545490026474,4.18064022064209,4.05855989456177,NA
"Macao SAR, China",MAC,NA,NA,NA,NA,NA,NA,NA,NA,NA,NA,NA,NA,NA,NA,NA,NA,NA,NA,NA,11.8811902999878,NA,7.99563980102539,NA,NA,NA,NA,NA,NA,18.3727493286133,14.0953598022461,9.82991027832031,6.73171997070312,6.97833013534546,8.43723011016846,10.5605602264404,10.4444904327393,10.0153198242188,9.12316036224365,8.84955978393555,5.60504007339478,5.38777017593384,3.875,NA,1.72581005096436,1.36206996440887,5.96610021591187,12.8095197677612,15.3283596038818,18.0277805328369,17.3846206665039,16.4146308898926,11.9877996444702
Madagascar,MDG,NA,NA,NA,NA,NA,NA,NA,NA,NA,NA,NA,NA,NA,NA,NA,NA,NA,NA,NA,NA,NA,NA,NA,NA,NA,NA,NA,NA,NA,NA,47.0475082397461,NA,41.7956504821777,NA,NA,NA,NA,NA,NA,NA,NA,NA,NA,24.7388439178467,24.1733989715576,23.9135894775391,23.9054489135742,25.70339012146,30.5863399505615,31.723611831665,29.2683010101318,34.5649871826172
Malawi,MWI,NA,NA,NA,NA,NA,NA,NA,NA,NA,NA,NA,NA,NA,NA,NA,NA,NA,NA,NA,NA,NA,NA,NA,NA,NA,NA,NA,NA,NA,NA,NA,NA,NA,22.6324901580811,31.3052997589111,27.6776695251465,20.9213199615479,16.8811302185059,18.4738998413086,20.9767551422119,NA,20.969596862793,20.545560836792,21.921329498291,22.8336391448975,25.167049407959,NA,19.3279304504395,24.1112499237061,NA,NA,NA
Malaysia,MYS,49.4757385253906,48.1506118774414,NA,NA,NA,NA,NA,NA,NA,NA,NA,NA,NA,NA,NA,NA,NA,NA,NA,NA,NA,NA,NA,NA,NA,NA,NA,NA,0.18061999976635,0.0436300002038479,4.12305021286011,6.88175010681152,0.404139995574951,2.6777400970459,10.4220504760742,9.0972204208374,11.6081800460815,10.7656402587891,9.33306980133057,8.24090003967285,7.83042001724243,9.03491020202637,8.65711975097656,9.84259033203125,11.8694896697998,13.9093999862671,14.1650104522705,15.5374097824097,15.7054004669189,15.9584398269653,13.6137018203735,9.72833824157715
Maldives,MDV,NA,NA,NA,NA,NA,NA,NA,NA,NA,NA,NA,NA,NA,NA,NA,NA,NA,NA,NA,NA,NA,NA,NA,NA,NA,NA,NA,NA,9.79948043823242,5.18331003189087,4.28889989852905,8.17177963256836,NA,NA,NA,NA,NA,NA,NA,2.01112961769104,NA,10.5968074798584,17.5947799682617,14.8575468063354,20.0603866577148,23.2964324951172,14.6706218719482,15.3263263702393,16.8309783935547,0.967228055000305,NA,NA
Mali,MLI,91.5702514648438,NA,NA,NA,NA,NA,NA,NA,NA,NA,NA,NA,NA,NA,NA,NA,NA,NA,NA,NA,NA,NA,NA,NA,NA,NA,NA,NA,NA,NA,NA,NA,NA,NA,NA,NA,NA,NA,63.0831108093262,61.012279510498,58.1655311584473,NA,NA,53.9436302185059,50.7537117004395,53.3712005615234,60.3965301513672,58.5992889404297,NA,NA,NA,NA
Malta,MLT,22.3023700714111,19.0796203613281,NA,NA,NA,1.23275005817413,NA,NA,NA,NA,NA,NA,NA,NA,NA,NA,NA,NA,NA,2.0162398815155,0.573939979076385,NA,NA,NA,NA,NA,NA,NA,NA,NA,NA,NA,NA,NA,NA,NA,NA,NA,NA,NA,NA,NA,NA,NA,NA,NA,0.214100003242493,0.73676997423172,1.04755997657776,1.47766995429993,1.93708002567291,NA
Marshall Islands,MHL,NA,NA,NA,NA,NA,NA,NA,NA,NA,NA,NA,NA,NA,NA,NA,NA,NA,NA,NA,NA,NA,NA,NA,NA,NA,NA,NA,NA,NA,NA,NA,NA,NA,NA,NA,NA,NA,NA,NA,NA,NA,NA,NA,NA,5.56383991241455,NA,NA,NA,NA,NA,NA,NA
Mauritania,MRT,NA,NA,NA,NA,NA,NA,NA,NA,NA,NA,NA,NA,NA,NA,NA,NA,NA,NA,NA,NA,NA,NA,NA,NA,NA,NA,NA,NA,NA,NA,57.6281394958496,56.4420509338379,NA,56.3694496154785,53.6563606262207,56.8416404724121,NA,NA,NA,NA,NA,33.0456314086914,43.9390487670898,42.1235008239746,NA,47.4797210693359,45.7978591918945,39.6199798583984,31.7803592681885,NA,NA,NA
Mauritius,MUS,NA,NA,NA,NA,NA,NA,NA,NA,NA,NA,NA,30.429069519043,NA,NA,NA,NA,NA,NA,NA,NA,NA,NA,NA,NA,NA,NA,NA,20.2541599273682,16.6074199676514,12.079400062561,11.8576602935791,13.4487895965576,NA,7.20506000518799,NA,NA,NA,NA,NA,NA,NA,NA,2.91215229034424,3.84694862365723,6.60207986831665,7.23114013671875,3.73987007141113,5.31796979904175,5.76072978973389,4.36939001083374,NA,NA
Mexico,MEX,NA,NA,NA,NA,NA,NA,NA,NA,NA,NA,NA,NA,NA,NA,NA,NA,NA,NA,NA,NA,NA,NA,NA,NA,NA,NA,NA,NA,17.3319606781006,18.8214893341064,NA,13.7107400894165,10.1846704483032,8.75870037078857,8.67055988311768,6.43915987014771,5.19506978988647,4.93431997299194,5.29831981658936,6.85407018661499,7.14369010925293,6.91111993789673,4.17331981658936,2.6849000453949,1.29118001461029,1.76096999645233,4.17754983901978,6.15606021881104,6.17157983779907,6.48128986358643,6.91771984100342,NA
"Micronesia, Fed. Sts.",FSM,NA,NA,NA,NA,NA,NA,NA,NA,NA,NA,NA,NA,NA,NA,NA,NA,NA,NA,NA,NA,NA,NA,NA,NA,NA,NA,NA,NA,NA,NA,NA,NA,NA,NA,NA,NA,NA,NA,NA,NA,NA,NA,NA,11.7720499038696,NA,15.2789344787598,15.1615571975708,36.0474624633789,28.3673477172852,22.9563751220703,20.5215911865234,15.2975692749023
Middle East & North Africa,MEA,NA,NA,NA,NA,NA,NA,NA,NA,NA,NA,NA,NA,NA,NA,NA,NA,NA,NA,NA,NA,NA,NA,NA,NA,NA,NA,NA,NA,NA,NA,NA,NA,NA,NA,NA,NA,NA,NA,NA,NA,NA,NA,NA,NA,NA,NA,NA,NA,NA,NA,NA,NA
Middle East & North Africa (excluding high income),MNA,NA,NA,NA,NA,NA,NA,NA,NA,NA,NA,NA,NA,NA,NA,NA,NA,NA,NA,NA,NA,NA,NA,NA,NA,NA,NA,NA,NA,NA,NA,NA,NA,NA,NA,NA,NA,NA,NA,NA,NA,NA,NA,NA,NA,NA,NA,NA,NA,NA,NA,NA,NA
Middle East & North Africa (IDA & IBRD countries),TMN,NA,NA,NA,NA,NA,NA,NA,NA,NA,NA,NA,NA,NA,NA,NA,NA,NA,NA,NA,NA,NA,NA,NA,NA,NA,NA,NA,NA,NA,NA,NA,NA,NA,NA,NA,NA,NA,NA,NA,NA,NA,NA,NA,NA,NA,NA,NA,NA,NA,NA,NA,NA
Middle income,MIC,NA,NA,NA,NA,NA,NA,NA,NA,NA,NA,NA,NA,NA,NA,NA,NA,NA,NA,NA,NA,NA,NA,NA,NA,NA,NA,NA,NA,NA,NA,NA,NA,NA,NA,NA,NA,NA,NA,NA,NA,NA,NA,NA,NA,NA,NA,NA,NA,NA,NA,NA,NA
Moldova,MDA,NA,NA,NA,NA,NA,NA,NA,NA,NA,NA,NA,NA,NA,NA,NA,NA,NA,NA,NA,NA,NA,NA,NA,NA,NA,NA,NA,NA,NA,3.14425992965698,3.20910000801086,4.05176019668579,2.45993995666504,3.09842991828918,6.2888298034668,6.28927993774414,9.51058959960938,10.4327402114868,12.0217304229736,13.0321197509766,13.6945600509644,13.8251104354858,14.7836503982544,NA,NA,NA,NA,NA,NA,NA,NA,NA
Monaco,MCO,NA,NA,NA,NA,NA,NA,NA,NA,NA,NA,NA,NA,NA,NA,NA,NA,NA,NA,NA,NA,NA,NA,NA,NA,NA,NA,NA,NA,NA,NA,NA,NA,NA,NA,NA,NA,NA,NA,NA,NA,NA,NA,NA,NA,NA,NA,NA,NA,NA,NA,NA,NA
Mongolia,MNG,NA,NA,NA,NA,NA,NA,NA,NA,NA,NA,NA,NA,NA,NA,NA,NA,NA,NA,NA,NA,NA,NA,NA,NA,24.3740406036377,23.306079864502,25.7944793701172,24.3487701416016,20.8231201171875,18.4641304016113,15.1514701843262,12.0150098800659,5.17009019851685,3.92508006095886,0.822920024394989,2.6263599395752,4.56621980667114,5.16636991500854,NA,NA,NA,NA,NA,NA,NA,NA,NA,6.27274179458618,5.16580057144165,4.89431858062744,1.8246922492981,3.33618068695068
Montenegro,MNE,NA,NA,NA,NA,NA,NA,NA,NA,NA,NA,NA,NA,NA,NA,NA,NA,NA,NA,NA,NA,NA,NA,NA,NA,NA,NA,NA,NA,NA,NA,NA,NA,NA,NA,NA,NA,NA,NA,NA,NA,NA,NA,NA,NA,6.89913988113403,4.50663995742798,4.70518016815186,4.18180990219116,4.1994800567627,3.78028011322021,3.23547005653381,3.14976000785828
Morocco,MAR,NA,NA,NA,NA,NA,NA,NA,NA,NA,NA,NA,NA,NA,NA,NA,NA,NA,NA,NA,NA,NA,NA,NA,NA,NA,NA,NA,NA,53.599739074707,50.6773414611816,NA,NA,40.3011283874512,NA,36.5503616333008,36.2022399902344,34.1999015808105,32.874828338623,NA,29.0956993103027,26.036750793457,21.5865993499756,NA,NA,NA,NA,14.6514501571655,14.5635499954224,13.2582702636719,11.0328102111816,10.6478900909424,5.86939001083374
Mozambique,MOZ,NA,NA,NA,NA,NA,NA,NA,NA,NA,NA,NA,NA,NA,NA,NA,NA,NA,NA,NA,NA,NA,63.9888305664062,64.6281433105469,65.4498062133789,63.6107597351074,NA,NA,69.1279678344727,67.5586624145508,64.9671478271484,62.3282585144043,50.3780097961426,NA,56.8633918762207,51.3721504211426,49.547779083252,45.3659210205078,42.2231788635254,40.5026016235352,39.6029281616211,41.5628814697266,43.2803688049316,42.294490814209,43.8820114135742,44.6154289245605,NA,NA,NA,NA,37.3767471313477,NA,43.479305267334
Myanmar,MMR,NA,NA,NA,NA,NA,NA,NA,NA,NA,NA,NA,NA,NA,NA,NA,NA,NA,NA,NA,NA,NA,NA,NA,NA,NA,NA,NA,NA,NA,52.896369934082,52.5432395935059,51.9928016662598,52.3105812072754,45.0781288146973,43.4301414489746,40.4298515319824,38.6881217956543,NA,36.0613784790039,33.4476585388184,NA,NA,NA,NA,NA,NA,12.1253995895386,9.28390026092529,NA,NA,NA,NA
Namibia,NAM,NA,NA,NA,NA,NA,NA,NA,NA,NA,NA,NA,NA,NA,NA,NA,NA,NA,NA,NA,NA,NA,NA,NA,NA,NA,NA,NA,4.08689022064209,5.89827013015747,8.11948013305664,10.6963500976562,3.30379009246826,12.3176698684692,8.88580989837646,9.89945030212402,10.0010299682617,8.60356998443604,NA,NA,NA,NA,4.47428178787231,NA,NA,2.45297908782959,2.30473756790161,1.21679449081421,NA,NA,NA,NA,NA
Nauru,NRU,NA,NA,NA,NA,NA,NA,NA,NA,NA,NA,NA,NA,NA,NA,NA,NA,NA,NA,NA,NA,NA,NA,NA,NA,NA,NA,NA,NA,NA,NA,NA,NA,NA,NA,NA,NA,NA,NA,NA,NA,NA,NA,NA,11.3253002166748,NA,14.4495401382446,NA,NA,10.991379737854,NA,NA,NA
Nepal,NPL,NA,NA,NA,NA,NA,NA,NA,NA,NA,NA,NA,NA,NA,NA,NA,NA,NA,NA,NA,NA,NA,NA,NA,NA,NA,NA,NA,NA,NA,NA,NA,NA,NA,NA,NA,NA,NA,NA,NA,NA,NA,NA,NA,NA,NA,5.54249000549316,4.41956996917725,NA,NA,NA,13.9153442382812,9.83935260772705
Netherlands,NLD,5.54680013656616,3.18879008293152,3.06751990318298,3.17886996269226,3.32281994819641,2.9520800113678,2.95964002609253,2.93660998344421,2.94316005706787,2.90342998504639,2.84635996818542,2.84376001358032,3.08349990844727,3.14401006698608,3.54513001441956,3.69778990745544,3.4870400428772,3.1431999206543,2.45666003227234,2.80302000045776,2.8905200958252,11.1061697006226,11.5366401672363,NA,0.614080011844635,0.837930023670197,0.982829988002777,NA,0.44650000333786,NA,NA,1.04943001270294,NA,NA,1.55263996124268,NA,NA,NA,NA,NA,0.164609998464584,0.0873199999332428,NA,NA,0.167559996247292,0.183239996433258,0.249589994549751,0.263319998979568,0.181679993867874,0.221790000796318,0.230010002851486,NA
New Caledonia,NCL,NA,NA,NA,NA,NA,NA,NA,NA,NA,NA,NA,NA,NA,NA,NA,NA,NA,NA,NA,NA,NA,NA,NA,NA,NA,NA,NA,NA,NA,NA,NA,NA,NA,NA,NA,NA,NA,NA,NA,NA,NA,NA,NA,NA,NA,NA,NA,NA,NA,NA,NA,NA
New Zealand,NZL,NA,NA,NA,NA,NA,NA,2.24926996231079,NA,0.0277299992740154,NA,NA,NA,NA,NA,NA,1.86951005458832,2.15851998329163,0.4166100025177,0.570949971675873,NA,2.66494989395142,2.40671992301941,NA,NA,NA,NA,NA,NA,NA,NA,NA,NA,NA,NA,NA,NA,NA,NA,NA,NA,NA,NA,2.81515002250671,2.56799006462097,2.34217000007629,1.82634997367859,1.52234995365143,1.26512002944946,1.09174001216888,1.32702994346619,1.50847995281219,NA
Nicaragua,NIC,57.1512413024902,NA,NA,NA,NA,NA,NA,NA,NA,43.9925689697266,NA,NA,41.6252212524414,48.8860893249512,48.3069381713867,49.926570892334,48.9202690124512,NA,48.8993682861328,NA,NA,NA,NA,NA,NA,NA,NA,NA,NA,31.2359504699707,35.3217391967773,31.0759296417236,NA,27.3285903930664,24.207670211792,13.8290195465088,NA,NA,NA,19.2549705505371,NA,NA,NA,NA,NA,NA,NA,NA,NA,NA,NA,NA
Niger,NER,NA,NA,NA,97.4868774414062,NA,NA,NA,NA,NA,NA,NA,NA,NA,NA,NA,NA,NA,NA,NA,92.8422164916992,92.2434692382812,NA,NA,NA,NA,NA,91.4139404296875,NA,91.1601409912109,NA,91.0526123046875,90.7050933837891,90.7215423583984,89.6759033203125,86.1042098999023,NA,83.4771423339844,84.3219909667969,84.6147232055664,82.5876007080078,82.9121780395508,NA,NA,75.7293014526367,73.9907531738281,70.7027969360352,69.5605926513672,69.8919219970703,72.7761764526367,NA,73.69482421875,NA
Nigeria,NGA,NA,NA,NA,NA,NA,NA,NA,NA,NA,NA,NA,NA,NA,NA,NA,NA,NA,NA,NA,NA,NA,NA,NA,NA,NA,NA,NA,NA,NA,NA,NA,NA,NA,NA,NA,NA,NA,NA,NA,NA,NA,NA,NA,NA,NA,NA,NA,NA,NA,NA,NA,NA
North America,NAC,NA,NA,NA,NA,NA,NA,NA,NA,NA,NA,NA,NA,NA,NA,NA,NA,NA,NA,NA,NA,NA,NA,NA,NA,NA,NA,NA,NA,NA,NA,NA,NA,NA,NA,NA,NA,NA,NA,NA,NA,NA,NA,NA,NA,NA,NA,NA,NA,NA,NA,NA,NA
North Macedonia,MKD,NA,NA,NA,NA,NA,NA,NA,NA,NA,NA,NA,NA,NA,NA,NA,NA,NA,NA,NA,NA,NA,NA,NA,NA,NA,NA,NA,NA,NA,NA,NA,NA,NA,NA,5.96077013015747,NA,NA,NA,NA,NA,NA,NA,NA,NA,NA,NA,NA,NA,NA,NA,NA,NA
Northern Mariana Islands,MNP,NA,NA,NA,NA,NA,NA,NA,NA,NA,NA,NA,NA,NA,NA,NA,NA,NA,NA,NA,NA,NA,NA,NA,NA,NA,NA,NA,NA,NA,NA,NA,NA,NA,NA,NA,NA,NA,NA,NA,NA,NA,NA,NA,NA,NA,NA,NA,NA,NA,NA,NA,NA
Norway,NOR,NA,NA,NA,NA,NA,NA,NA,NA,NA,NA,NA,NA,NA,NA,NA,NA,NA,NA,NA,NA,NA,NA,NA,NA,NA,NA,NA,NA,0.260589987039566,0.279650002717972,0.363079994916916,0.305090010166168,0.497339993715286,0.652249991893768,0.851350009441376,0.577180027961731,0.126210004091263,NA,NA,NA,NA,NA,0.0377999991178513,0.266719996929169,0.222340002655983,0.33924999833107,0.461919993162155,0.550759971141815,0.450650006532669,0.586700022220612,0.463239997625351,NA
Not classified,INX,NA,NA,NA,NA,NA,NA,NA,NA,NA,NA,NA,NA,NA,NA,NA,NA,NA,NA,NA,NA,NA,NA,NA,NA,NA,NA,NA,NA,NA,NA,NA,NA,NA,NA,NA,NA,NA,NA,NA,NA,NA,NA,NA,NA,NA,NA,NA,NA,NA,NA,NA,NA
OECD members,OED,NA,NA,NA,NA,NA,NA,NA,NA,NA,NA,NA,NA,NA,NA,NA,NA,NA,NA,NA,NA,NA,NA,NA,NA,NA,NA,NA,NA,NA,NA,NA,NA,NA,NA,NA,NA,NA,NA,NA,NA,NA,NA,NA,NA,NA,NA,NA,NA,NA,NA,NA,NA
Oman,OMN,NA,NA,NA,NA,NA,NA,NA,NA,NA,NA,NA,81.9182891845703,NA,NA,NA,NA,NA,NA,43.0518112182617,NA,34.4821586608887,32.2504196166992,35.1135711669922,33.7538108825684,31.4263496398926,30.4211807250977,26.5785598754883,NA,21.0934104919434,17.9834403991699,18.2105903625488,19.9341793060303,17.838020324707,NA,NA,NA,NA,NA,NA,NA,NA,NA,NA,NA,NA,1.70696997642517,2.4414598941803,2.6389000415802,4.59043979644775,12.1437196731567,12.0973100662231,13.7046699523926
Other small states,OSS,NA,NA,NA,NA,NA,NA,NA,NA,NA,NA,NA,NA,NA,NA,NA,NA,NA,NA,NA,NA,NA,NA,NA,NA,NA,NA,NA,NA,NA,NA,NA,NA,NA,NA,NA,NA,NA,NA,NA,NA,NA,NA,NA,NA,NA,NA,NA,NA,NA,NA,NA,NA
Pacific island small states,PSS,NA,NA,NA,NA,NA,NA,NA,NA,NA,NA,NA,NA,NA,NA,NA,NA,NA,NA,NA,NA,NA,NA,NA,NA,NA,NA,NA,NA,NA,NA,NA,NA,NA,NA,NA,NA,NA,NA,NA,NA,NA,NA,NA,NA,NA,NA,NA,NA,NA,NA,NA,NA
Pakistan,PAK,NA,NA,NA,NA,NA,NA,NA,NA,NA,NA,NA,NA,NA,NA,NA,NA,NA,NA,NA,NA,NA,NA,NA,NA,NA,NA,NA,NA,NA,NA,NA,NA,NA,NA,NA,NA,NA,NA,NA,NA,NA,NA,NA,NA,NA,NA,NA,NA,NA,NA,34.7003211975098,NA
Palau,PLW,NA,NA,NA,NA,NA,NA,NA,NA,NA,NA,NA,NA,NA,NA,NA,NA,NA,NA,NA,NA,NA,NA,NA,NA,NA,NA,NA,NA,NA,NA,NA,NA,NA,NA,NA,NA,NA,NA,NA,NA,NA,NA,NA,NA,NA,NA,NA,NA,NA,33.3333282470703,NA,NA
Panama,PAN,NA,NA,NA,NA,NA,NA,NA,NA,NA,NA,NA,NA,NA,NA,NA,NA,NA,NA,NA,NA,NA,NA,NA,NA,NA,NA,NA,NA,23.3430309295654,21.4954700469971,18.299409866333,15.8662300109863,NA,17.2471408843994,18.7664909362793,NA,NA,12.3316402435303,10.0941600799561,8.20829963684082,9.76605033874512,NA,6.04820013046265,9.97564029693604,8.33497047424316,NA,10.9428997039795,NA,NA,NA,NA,NA
Papua New Guinea,PNG,NA,NA,NA,NA,NA,NA,NA,NA,NA,NA,NA,NA,NA,NA,NA,NA,NA,NA,NA,NA,NA,NA,NA,NA,NA,NA,NA,NA,NA,NA,NA,NA,NA,NA,NA,NA,NA,NA,NA,NA,NA,NA,NA,NA,NA,NA,NA,34.1183280944824,NA,NA,NA,NA
Paraguay,PRY,NA,NA,NA,NA,NA,NA,NA,NA,NA,NA,NA,NA,NA,NA,NA,NA,NA,NA,NA,NA,NA,NA,NA,21.2786102294922,NA,18.5139999389648,NA,NA,16.473949432373,NA,13.5867700576782,13.6853199005127,12.2458400726318,10.4074602127075,9.71111011505127,10.224100112915,9.96965026855469,8.40308952331543,7.21245002746582,5.44742012023926,6.75222015380859,NA,NA,NA,NA,11.3803997039795,NA,NA,NA,15.5808897018433,17.8711700439453,17.7086505889893
Peru,PER,NA,NA,NA,NA,NA,NA,NA,NA,NA,NA,16.9762401580811,NA,NA,NA,NA,NA,NA,NA,NA,NA,NA,NA,NA,NA,16.0933990478516,NA,NA,13.2251901626587,11.1450996398926,9.17827987670898,8.74158954620361,9.74999046325684,NA,10.3167400360107,7.18721008300781,4.07208013534546,NA,NA,NA,NA,NA,NA,NA,NA,NA,5.17149019241333,3.91243004798889,3.42146992683411,5.0693302154541,5.81103992462158,5.37263011932373,2.24062991142273
Philippines,PHL,NA,NA,NA,NA,NA,NA,NA,NA,NA,NA,NA,NA,NA,NA,NA,NA,NA,NA,NA,NA,NA,NA,NA,NA,NA,NA,NA,23.1301708221436,20.6923294067383,NA,7.98458003997803,6.45851993560791,5.40530014038086,5.06346988677979,6.18798017501831,7.53577995300293,7.84493017196655,7.0440502166748,5.13158988952637,NA,NA,NA,NA,5.36355495452881,6.21662616729736,7.29458236694336,NA,9.76740550994873,9.90016460418701,9.70888519287109,12.8664636611938,8.6727466583252
Poland,POL,NA,NA,NA,NA,NA,NA,NA,NA,NA,NA,NA,NA,NA,NA,NA,NA,NA,NA,NA,NA,NA,NA,NA,NA,NA,NA,NA,NA,2.25932002067566,NA,2.04906988143921,2.20532989501953,1.88911998271942,1.70969998836517,1.63153994083405,1.61180996894836,1.79622995853424,2.23772001266479,2.7354199886322,2.6259400844574,2.99222993850708,3.29097008705139,3.66162991523743,3.91518998146057,4.1935601234436,4.46778011322021,4.66913986206055,4.44376993179321,5.34361982345581,4.38709020614624,3.92719006538391,NA
Portugal,PRT,NA,NA,34.3394584655762,31.7457008361816,NA,29.1997604370117,NA,31.3572998046875,NA,NA,NA,NA,NA,NA,NA,NA,NA,NA,NA,NA,NA,NA,3.88058996200562,NA,NA,NA,NA,NA,NA,NA,NA,NA,NA,NA,NA,NA,NA,NA,NA,NA,NA,NA,NA,NA,0.139310002326965,0.348960012197495,0.657649993896484,0.716859996318817,NA,NA,NA,NA
Post-demographic dividend,PST,NA,NA,NA,NA,NA,NA,NA,NA,NA,NA,NA,NA,NA,NA,NA,NA,NA,NA,NA,NA,NA,NA,NA,NA,NA,NA,NA,NA,NA,NA,NA,NA,NA,NA,NA,NA,NA,NA,NA,NA,NA,NA,NA,NA,NA,NA,NA,NA,NA,NA,NA,NA
Pre-demographic dividend,PRE,NA,NA,NA,NA,NA,NA,NA,NA,NA,NA,NA,NA,NA,NA,NA,NA,NA,NA,NA,NA,NA,NA,NA,NA,NA,NA,NA,NA,NA,NA,NA,NA,NA,NA,NA,NA,NA,NA,NA,NA,NA,NA,NA,NA,NA,NA,NA,NA,NA,NA,NA,NA
Puerto Rico,PRI,NA,NA,NA,NA,NA,NA,NA,NA,NA,NA,NA,NA,NA,NA,NA,NA,NA,NA,NA,NA,NA,NA,NA,NA,NA,NA,NA,NA,NA,NA,NA,NA,NA,NA,NA,NA,NA,NA,NA,NA,10.1303796768188,8.88327980041504,7.10257005691528,3.93046998977661,4.10200023651123,9.14671039581299,NA,4.27993011474609,NA,NA,NA,NA
Qatar,QAT,NA,NA,NA,NA,NA,NA,NA,NA,NA,13.9755296707153,NA,NA,14.316840171814,13.6053400039673,12.8220300674438,NA,NA,NA,NA,NA,9.08780956268311,NA,NA,NA,NA,NA,NA,7.95726013183594,5.44369983673096,NA,1.8666900396347,2.08139991760254,NA,NA,NA,3.97105002403259,3.91722989082336,NA,2.64516997337341,NA,4.92406988143921,3.9449999332428,3.23551988601685,6.90066003799438,5.63414001464844,4.15146017074585,2.13550996780396,NA,1.57027995586395,2.11769008636475,NA,NA
Romania,ROU,NA,NA,NA,NA,NA,NA,NA,NA,NA,NA,NA,NA,NA,NA,NA,NA,NA,NA,NA,NA,NA,NA,NA,NA,NA,NA,NA,6.02116012573242,4.92487001419067,3.2478199005127,5.45688009262085,2.10911011695862,6.7707200050354,12.487190246582,19.13205909729,17.2886600494385,20.4365100860596,13.8700895309448,5.06883001327515,5.53400993347168,5.57937002182007,7.32747983932495,NA,7.78009986877441,13.9242095947266,9.51873016357422,10.4601497650146,11.2360496520996,11.7800998687744,NA,NA,NA
Russian Federation,RUS,NA,NA,NA,NA,NA,NA,NA,NA,NA,NA,NA,NA,NA,NA,NA,NA,NA,NA,NA,NA,NA,NA,NA,NA,NA,NA,NA,NA,NA,NA,NA,NA,NA,NA,NA,NA,NA,NA,NA,NA,NA,NA,5.45507001876831,5.44527006149292,2.37510991096497,2.19177007675171,0.594240009784698,0.654569983482361,0.174449995160103,NA,NA,NA
Rwanda,RWA,NA,NA,NA,NA,NA,NA,NA,NA,NA,NA,NA,NA,NA,NA,NA,NA,NA,NA,NA,NA,NA,NA,NA,NA,NA,NA,NA,NA,NA,NA,NA,NA,NA,NA,NA,NA,NA,NA,NA,NA,NA,NA,NA,NA,NA,NA,30.9972896575928,12.6568403244019,7.42215013504028,NA,5.71033000946045,7.43323993682861
Samoa,WSM,NA,NA,NA,NA,NA,NA,NA,NA,NA,NA,NA,NA,NA,NA,NA,NA,NA,NA,NA,NA,NA,NA,NA,NA,NA,NA,NA,7.73675012588501,6.66499996185303,NA,24.4503498077393,NA,NA,NA,NA,NA,NA,NA,8.00424957275391,NA,4.4953498840332,0.261437922716141,NA,6.96329259872437,4.42615652084351,1.81375801563263,1.75554096698761,NA,NA,NA,NA,NA
San Marino,SMR,NA,NA,NA,NA,NA,NA,NA,NA,NA,NA,NA,NA,NA,NA,NA,NA,NA,NA,NA,NA,NA,NA,NA,NA,NA,NA,NA,NA,NA,5.69800996780396,NA,NA,NA,NA,NA,NA,NA,NA,NA,NA,NA,NA,NA,NA,NA,NA,NA,9.82905960083008,15.8790197372437,8.25687980651855,4.70809984207153,6.35837984085083
Sao Tome and Principe,STP,NA,NA,NA,NA,NA,NA,NA,NA,NA,NA,NA,NA,NA,NA,NA,NA,NA,NA,NA,NA,NA,NA,NA,NA,NA,NA,NA,NA,NA,NA,NA,NA,35.2120208740234,28.4498805999756,15.1755104064941,NA,15.4474401473999,15.4861898422241,16.3642501831055,17.0031204223633,NA,14.7454738616943,10.8035297393799,12.0384998321533,7.80064010620117,NA,NA,NA,NA,NA,NA,NA
Saudi Arabia,SAU,NA,NA,NA,NA,NA,NA,NA,NA,NA,NA,NA,NA,NA,NA,NA,NA,NA,NA,NA,NA,NA,NA,NA,NA,NA,NA,NA,NA,NA,NA,NA,NA,NA,NA,NA,NA,NA,NA,15.9078702926636,NA,NA,NA,NA,NA,NA,NA,NA,NA,NA,NA,NA,NA
Senegal,SEN,NA,NA,NA,NA,NA,NA,NA,NA,NA,NA,NA,NA,NA,NA,NA,NA,NA,NA,NA,NA,NA,NA,NA,NA,NA,NA,NA,NA,NA,NA,NA,NA,NA,65.348030090332,57.5463714599609,59.5406799316406,NA,NA,NA,NA,NA,43.971996307373,41.8065414428711,38.5469970703125,NA,NA,NA,NA,NA,NA,NA,57.8585090637207
Serbia,SRB,NA,NA,NA,NA,NA,NA,NA,NA,NA,NA,NA,NA,NA,NA,NA,NA,NA,NA,NA,NA,NA,NA,NA,NA,NA,NA,NA,NA,NA,NA,NA,NA,NA,NA,NA,NA,NA,2.93600988388062,2.93532991409302,4.17650985717773,5.31750011444092,1.25556004047394,NA,0.721719980239868,NA,0.550100028514862,2.03278994560242,2.48817992210388,3.27468991279602,3.46850991249084,3.29773998260498,2.60002994537354
Seychelles,SYC,NA,NA,NA,NA,NA,NA,NA,NA,6.14524984359741,NA,NA,NA,NA,NA,NA,NA,NA,NA,NA,NA,NA,NA,1.00671005249023,1.94667994976044,NA,NA,NA,NA,NA,NA,NA,NA,NA,NA,NA,NA,NA,NA,NA,NA,NA,NA,NA,NA,NA,NA,NA,NA,NA,NA,NA,2.30671000480652
Sierra Leone,SLE,NA,NA,NA,NA,NA,NA,NA,NA,NA,NA,NA,NA,NA,NA,NA,NA,NA,NA,NA,NA,NA,NA,NA,NA,NA,NA,NA,NA,NA,NA,NA,NA,NA,NA,NA,NA,NA,NA,NA,NA,NA,39.7174186706543,43.3078117370605,NA,42.7926788330078,40.2860641479492,39.6553192138672,50.0583992004395,NA,NA,20.5458889007568,NA
Singapore,SGP,NA,NA,NA,NA,NA,NA,NA,NA,NA,NA,NA,NA,NA,NA,NA,NA,NA,NA,NA,NA,NA,NA,NA,NA,NA,NA,NA,NA,NA,NA,NA,NA,NA,NA,NA,NA,NA,NA,NA,NA,NA,NA,NA,NA,NA,NA,0.947304546833038,0.935800015926361,0.191479995846748,1.03249001502991,0.28371998667717,NA
Sint Maarten (Dutch part),SXM,NA,NA,NA,NA,NA,NA,NA,NA,NA,NA,NA,NA,NA,NA,NA,NA,NA,NA,NA,NA,NA,NA,NA,NA,NA,NA,NA,NA,NA,NA,NA,NA,NA,NA,NA,NA,NA,NA,NA,NA,NA,NA,NA,NA,NA,NA,NA,NA,NA,NA,NA,NA
Slovak Republic,SVK,NA,NA,NA,NA,NA,NA,NA,NA,NA,NA,NA,NA,NA,NA,NA,NA,NA,NA,NA,NA,NA,NA,NA,NA,NA,NA,NA,NA,NA,NA,NA,1.0011899471283,1.00053000450134,0.827570021152496,1.25437998771667,1.46774005889893,1.58059000968933,1.73359000682831,1.84555995464325,2.1656699180603,2.54534006118774,2.77136993408203,3.24003005027771,3.63168001174927,3.97888994216919,4.18496990203857,4.4137601852417,4.43486976623535,4.41154003143311,4.37399005889893,3.96404004096985,NA
Slovenia,SVN,NA,NA,NA,NA,NA,NA,NA,NA,NA,NA,NA,NA,NA,NA,NA,NA,NA,NA,NA,NA,NA,NA,NA,NA,NA,NA,NA,2.80712008476257,2.82871007919312,0.241750001907349,1.8714200258255,1.62197995185852,2.27679991722107,2.31188988685608,2.7910099029541,2.79516005516052,3.0994598865509,2.49300003051758,2.21459007263184,2.14303994178772,2.14979004859924,2.11456990242004,2.27679991722107,2.22205996513367,2.14608001708984,2.36807990074158,1.72335994243622,1.35390996932983,1.13192999362946,0.959049999713898,1.49441003799438,NA
Small states,SST,NA,NA,NA,NA,NA,NA,NA,NA,NA,NA,NA,NA,NA,NA,NA,NA,NA,NA,NA,NA,NA,NA,NA,NA,NA,NA,NA,NA,NA,NA,NA,NA,NA,NA,NA,NA,NA,NA,NA,NA,NA,NA,NA,NA,NA,NA,NA,NA,NA,NA,NA,NA
Solomon Islands,SLB,NA,NA,NA,NA,NA,NA,NA,NA,NA,NA,NA,NA,NA,NA,NA,NA,NA,NA,NA,NA,NA,NA,NA,NA,NA,NA,NA,NA,NA,NA,NA,NA,NA,NA,NA,19.706169128418,32.1859588623047,NA,NA,NA,NA,NA,NA,NA,NA,NA,NA,NA,NA,NA,NA,NA
Somalia,SOM,NA,NA,NA,NA,NA,NA,83.4757308959961,82.9639129638672,83.7189331054688,85.2315521240234,NA,NA,NA,NA,NA,NA,NA,NA,NA,NA,NA,NA,NA,NA,NA,NA,NA,NA,NA,NA,NA,NA,NA,NA,NA,NA,NA,NA,NA,NA,NA,NA,NA,NA,NA,NA,NA,NA,NA,NA,NA,NA
South Africa,ZAF,NA,NA,NA,NA,NA,NA,NA,NA,NA,NA,NA,NA,NA,NA,NA,NA,NA,NA,NA,NA,NA,NA,NA,6.03921985626221,NA,NA,NA,NA,15.4326000213623,18.6625099182129,22.2068405151367,23.0505504608154,22.070930480957,19.7387199401855,17.4113903045654,NA,NA,NA,NA,NA,NA,NA,NA,NA,NA,NA,14.1408700942993,3.95047998428345,1.96329998970032,3.63188004493713,2.16273999214172,NA
South Asia,SAS,NA,NA,NA,NA,NA,NA,NA,NA,NA,NA,NA,NA,NA,NA,NA,NA,NA,NA,NA,NA,NA,NA,NA,NA,NA,NA,NA,NA,NA,NA,NA,NA,NA,NA,NA,NA,NA,NA,NA,NA,NA,NA,NA,NA,NA,NA,NA,NA,NA,NA,NA,NA
South Asia (IDA & IBRD),TSA,NA,NA,NA,NA,NA,NA,NA,NA,NA,NA,NA,NA,NA,NA,NA,NA,NA,NA,NA,NA,NA,NA,NA,NA,NA,NA,NA,NA,NA,NA,NA,NA,NA,NA,NA,NA,NA,NA,NA,NA,NA,NA,NA,NA,NA,NA,NA,NA,NA,NA,NA,NA
South Sudan,SSD,NA,NA,NA,NA,NA,NA,NA,NA,NA,NA,NA,NA,NA,NA,NA,NA,NA,NA,NA,NA,NA,NA,NA,NA,NA,NA,NA,NA,NA,NA,NA,NA,NA,NA,NA,NA,NA,NA,NA,NA,52.0224494934082,NA,NA,NA,64.5997467041016,NA,NA,NA,NA,NA,NA,NA
Spain,ESP,NA,NA,10.9369096755981,NA,4.43538999557495,4.86531019210815,3.10689997673035,3.12814998626709,2.15937995910645,NA,NA,NA,NA,NA,NA,NA,NA,NA,NA,NA,NA,NA,NA,NA,NA,NA,NA,NA,0.106299996376038,NA,NA,NA,NA,NA,NA,NA,NA,NA,NA,NA,1.38703000545502,2.0246798992157,2.1322500705719,2.43495988845825,2.693039894104,2.84827995300293,2.73796010017395,2.56612992286682,2.46856999397278,2.55676007270813,2.51149010658264,NA
Sri Lanka,LKA,NA,NA,NA,NA,NA,NA,NA,NA,NA,NA,NA,NA,NA,NA,NA,NA,NA,NA,NA,NA,NA,NA,NA,NA,NA,NA,NA,NA,NA,NA,NA,NA,NA,NA,NA,NA,NA,NA,NA,8.71595001220703,9.04582977294922,8.99343967437744,8.26669597625732,NA,4.79062032699585,5.23932409286499,4.68416404724121,3.99645447731018,NA,NA,2.76850962638855,NA
St. Kitts and Nevis,KNA,NA,NA,NA,NA,NA,NA,NA,NA,NA,NA,NA,NA,NA,NA,NA,NA,NA,NA,NA,NA,NA,NA,NA,NA,NA,NA,NA,NA,NA,NA,NA,8.40579986572266,11.045220375061,7.01753997802734,NA,NA,NA,NA,NA,NA,NA,12.1753196716309,NA,NA,NA,NA,NA,NA,NA,NA,NA,NA
St. Lucia,LCA,NA,NA,NA,NA,NA,NA,NA,NA,NA,NA,NA,NA,NA,NA,NA,NA,NA,NA,NA,NA,NA,NA,NA,NA,NA,NA,NA,NA,29.9888305664062,7.90573978424072,21.0115203857422,25.3335990905762,19.5411605834961,25.66282081604,8.18237018585205,1.06273996829987,6.72664022445679,6.49827003479004,5.03170013427734,7.49581003189087,5.64024019241333,6.94505977630615,10.7425003051758,NA,12.1886968612671,8.03526020050049,10.8016700744629,11.7615900039673,12.2939701080322,12.6522703170776,NA,NA
St. Martin (French part),MAF,NA,NA,NA,NA,NA,NA,NA,NA,NA,NA,NA,NA,NA,NA,NA,NA,NA,NA,NA,NA,NA,NA,NA,NA,NA,NA,NA,NA,NA,NA,NA,NA,NA,NA,NA,NA,NA,NA,NA,NA,NA,NA,NA,NA,NA,NA,NA,NA,NA,NA,NA,NA
St. Vincent and the Grenadines,VCT,NA,NA,NA,NA,NA,NA,NA,NA,NA,NA,NA,NA,NA,NA,NA,NA,NA,NA,NA,NA,NA,NA,NA,NA,NA,NA,NA,NA,NA,NA,NA,NA,5.1165599822998,3.83577990531921,NA,NA,NA,NA,NA,3.58435010910034,NA,NA,NA,NA,NA,NA,NA,NA,NA,NA,NA,NA
Sub-Saharan Africa,SSF,NA,NA,NA,NA,NA,NA,NA,NA,NA,NA,NA,NA,NA,NA,NA,NA,NA,NA,NA,NA,NA,NA,NA,NA,NA,NA,NA,NA,NA,NA,NA,NA,NA,NA,NA,NA,NA,NA,NA,NA,NA,NA,NA,NA,NA,NA,NA,NA,NA,NA,NA,NA
Sub-Saharan Africa (excluding high income),SSA,NA,NA,NA,NA,NA,NA,NA,NA,NA,NA,NA,NA,NA,NA,NA,NA,NA,NA,NA,NA,NA,NA,NA,NA,NA,NA,NA,NA,NA,NA,NA,NA,NA,NA,NA,NA,NA,NA,NA,NA,NA,NA,NA,NA,NA,NA,NA,NA,NA,NA,NA,NA
Sub-Saharan Africa (IDA & IBRD countries),TSS,NA,NA,NA,NA,NA,NA,NA,NA,NA,NA,NA,NA,NA,NA,NA,NA,NA,NA,NA,NA,NA,NA,NA,NA,NA,NA,NA,NA,NA,NA,NA,NA,NA,NA,NA,NA,NA,NA,NA,NA,NA,NA,NA,NA,NA,NA,NA,NA,NA,NA,NA,NA
Sudan,SDN,NA,NA,NA,NA,NA,NA,NA,NA,NA,NA,NA,NA,NA,NA,NA,NA,NA,NA,NA,NA,NA,NA,NA,NA,NA,NA,NA,NA,NA,NA,NA,NA,NA,NA,NA,NA,NA,NA,NA,NA,56.3007202148438,NA,NA,NA,NA,NA,NA,31.1891498565674,NA,NA,NA,NA
Suriname,SUR,NA,NA,NA,NA,NA,NA,NA,NA,NA,NA,NA,NA,NA,NA,NA,NA,17.689790725708,19.1278190612793,NA,NA,NA,NA,NA,NA,NA,NA,NA,NA,NA,NA,NA,NA,NA,NA,NA,NA,NA,NA,28.4214305877686,23.9103393554688,22.1748008728027,19.5293598175049,18.7271499633789,18.788610458374,19.4834594726562,NA,NA,NA,NA,NA,NA,NA
Sweden,SWE,NA,NA,NA,NA,NA,NA,NA,NA,NA,NA,NA,NA,NA,NA,NA,NA,NA,NA,NA,NA,NA,NA,NA,NA,NA,NA,NA,NA,NA,NA,NA,NA,NA,0.100369997322559,NA,1.09475994110107,1.2268899679184,1.14798998832703,2.18601989746094,2.37945008277893,3.93045997619629,1.95272994041443,1.05598998069763,1.25022995471954,0.921060025691986,NA,NA,0.62542998790741,0.805779993534088,0.599950015544891,0.505980014801025,NA
Switzerland,CHE,NA,NA,NA,NA,NA,NA,NA,NA,NA,NA,6.36890983581543,6.21867990493774,5.69099998474121,5.45091009140015,5.78109979629517,6.19517993927002,6.35544013977051,6.72112989425659,7.09755992889404,7.06599998474121,6.93329000473022,5.41899013519287,5.5283899307251,5.7036600112915,NA,NA,NA,NA,2.1401801109314,1.31122994422913,1.53442001342773,1.28404998779297,1.18757998943329,1.14328002929688,1.12477004528046,0.737410008907318,NA,NA,NA,NA,NA,NA,0.895910024642944,0.924430012702942,0.0979499965906143,0.233030006289482,0.166060000658035,0.150350004434586,0.0922999978065491,0.125090003013611,0.172370001673698,NA
Syrian Arab Republic,SYR,76.4258880615234,NA,63.4020881652832,NA,60.1975402832031,56.6054306030273,54.8693008422852,53.8710899353027,52.8020515441895,NA,NA,NA,NA,NA,NA,NA,NA,NA,NA,NA,NA,NA,NA,NA,NA,NA,NA,41.9072189331055,42.4897689819336,42.9531593322754,40.7649803161621,38.5203018188477,23.827449798584,20.3715991973877,15.6605195999146,17.5598793029785,14.3471603393555,13.248740196228,10.4889497756958,9.83856010437012,9.83049011230469,9.54378032684326,44.5040702819824,NA,NA,NA,NA,NA,NA,50.0680198669434,50.9622497558594,50.7832717895508
Tajikistan,TJK,NA,NA,NA,NA,NA,NA,NA,NA,NA,NA,NA,NA,NA,NA,NA,NA,NA,NA,NA,NA,NA,NA,NA,NA,NA,NA,NA,NA,32.4841003417969,24.8008899688721,26.2711505889893,22.1317501068115,NA,15.8776702880859,15.9609899520874,14.9023704528809,12.9740200042725,12.3940200805664,11.8520498275757,10.9008502960205,NA,NA,NA,NA,NA,NA,NA,NA,NA,NA,NA,NA
Tanzania,TZA,NA,NA,NA,NA,NA,NA,NA,NA,NA,NA,NA,NA,NA,NA,NA,NA,NA,NA,NA,NA,NA,NA,NA,NA,NA,NA,NA,NA,NA,NA,NA,NA,NA,NA,NA,NA,NA,NA,NA,NA,NA,59.2248611450195,59.4098091125488,NA,67.7247161865234,64.3000564575195,54.0920181274414,51.4770202636719,49.4952278137207,49.0523071289062,48.8046379089355,NA
Thailand,THA,NA,NA,81.5033493041992,79.0995712280273,NA,NA,NA,NA,NA,NA,NA,NA,NA,NA,NA,NA,NA,NA,NA,NA,NA,NA,NA,NA,NA,NA,NA,NA,NA,NA,NA,NA,NA,NA,NA,NA,NA,NA,3.23645997047424,NA,NA,NA,NA,NA,NA,NA,NA,NA,4.56151723861694,3.8471345901489298,3.41252279281616,0.799601674079895
Timor-Leste,TLS,NA,NA,NA,NA,NA,NA,NA,NA,NA,NA,NA,NA,NA,NA,NA,NA,NA,NA,NA,NA,NA,NA,NA,NA,NA,NA,NA,NA,NA,NA,NA,NA,NA,NA,NA,NA,NA,23.5783596038818,20.7402801513672,18.4105930328369,14.8709802627563,14.6446218490601,14.8846807479858,12.7229433059692,11.8788423538208,9.9938268661499,10.3769683837891,11.2694578170776,9.52728843688965,8.61077499389648,NA,NA
Togo,TGO,NA,NA,NA,NA,NA,NA,NA,NA,NA,NA,NA,NA,NA,NA,NA,NA,NA,NA,NA,NA,61.2180786132812,NA,NA,NA,NA,NA,NA,NA,50.0174217224121,NA,51.4114685058594,NA,48.1040382385254,47.7820205688477,47.000358581543,NA,50.9326591491699,NA,NA,NA,NA,NA,NA,NA,NA,NA,27.2567691802979,NA,NA,NA,20.7847690582275,NA
Tonga,TON,NA,NA,NA,NA,NA,NA,NA,NA,NA,NA,NA,NA,NA,NA,NA,NA,NA,NA,NA,NA,NA,NA,NA,NA,NA,NA,NA,10.184229850769,5.71062994003296,NA,23.1028995513916,NA,NA,NA,NA,NA,NA,NA,NA,NA,NA,7.97262620925903,12.8435611724854,1.09622406959534,8.99725246429443,NA,NA,6.87585735321045,23.0650424957275,6.09904432296753,NA,NA
Trinidad and Tobago,TTO,17.9823799133301,18.5089302062988,NA,NA,NA,NA,NA,NA,NA,NA,NA,NA,NA,NA,NA,NA,NA,NA,NA,NA,NA,NA,19.2528896331787,NA,NA,NA,NA,NA,NA,NA,NA,NA,NA,11.0949802398682,NA,NA,NA,NA,NA,NA,NA,NA,NA,NA,NA,NA,NA,NA,NA,NA,NA,NA
Tunisia,TUN,NA,NA,NA,NA,NA,NA,NA,55.5149993896484,56.5899505615234,57.5681190490723,NA,NA,49.7944717407227,47.369758605957,43.3714408874512,NA,NA,NA,NA,NA,NA,NA,NA,NA,NA,NA,NA,NA,NA,NA,NA,NA,NA,NA,NA,NA,NA,NA,NA,NA,NA,NA,NA,NA,NA,NA,NA,NA,NA,NA,NA,NA
Turkiye,TUR,NA,NA,NA,50.5038681030273,NA,NA,NA,NA,NA,NA,NA,NA,NA,NA,NA,NA,NA,NA,NA,NA,NA,NA,NA,NA,NA,NA,43.1660194396973,NA,31.3845806121826,17.5762195587158,NA,NA,NA,NA,NA,NA,NA,NA,3.48458003997803,2.44682002067566,2.21092009544373,1.43482995033264,1.1115700006485,0.572899997234344,0.783230006694794,1.0237900018692,0.76130998134613,NA,NA,NA,NA,NA
Turkmenistan,TKM,NA,NA,NA,NA,NA,NA,NA,NA,NA,NA,NA,NA,NA,NA,NA,NA,NA,NA,NA,NA,NA,NA,NA,NA,NA,NA,NA,NA,NA,NA,NA,NA,NA,NA,NA,NA,NA,NA,NA,NA,NA,NA,NA,NA,NA,NA,NA,NA,NA,NA,NA,0.0199900008738041
Turks and Caicos Islands,TCA,NA,NA,NA,NA,NA,NA,NA,NA,NA,NA,NA,NA,NA,NA,NA,NA,NA,NA,NA,NA,NA,NA,NA,NA,NA,NA,NA,NA,11.1386098861694,NA,NA,NA,NA,NA,NA,NA,NA,NA,NA,NA,NA,NA,NA,38.6889495849609,24.4530200958252,NA,32.4775352478027,NA,NA,NA,21.3685474395752,NA
Tuvalu,TUV,NA,NA,NA,NA,NA,NA,NA,NA,NA,NA,NA,NA,NA,NA,NA,NA,NA,NA,NA,NA,NA,NA,NA,NA,NA,NA,NA,NA,NA,NA,NA,NA,NA,NA,NA,NA,NA,NA,NA,NA,NA,NA,NA,8.33333015441895,9.62025356292725,10.0529098510742,NA,NA,7.28290987014771,17.073169708252,4.88431978225708,3.94089007377625
Uganda,UGA,NA,NA,NA,NA,NA,NA,NA,NA,NA,NA,NA,NA,NA,NA,NA,NA,NA,NA,NA,NA,NA,NA,NA,NA,NA,NA,NA,NA,NA,NA,NA,NA,NA,NA,NA,NA,NA,NA,NA,NA,NA,43.5389633178711,47.7720222473145,42.8107032775879,48.9153366088867,47.1431770324707,49.4540252685547,NA,NA,NA,NA,NA
Ukraine,UKR,NA,NA,NA,NA,NA,NA,NA,NA,NA,NA,NA,NA,NA,NA,NA,NA,NA,NA,NA,NA,NA,NA,NA,NA,NA,NA,NA,NA,NA,NA,NA,0.974420011043549,0.667420029640198,2.52184009552002,NA,2.35104990005493,2.27547001838684,2.03805994987488,2.45238995552063,2.50504994392395,2.25831007957458,1.85591995716095,1.5251100063324,1.27690005302429,7.61253976821899,9.13317966461182,9.67938995361328,10.0945796966553,10.5712995529175,10.6828498840332,10.743800163269,NA
United Arab Emirates,ARE,NA,NA,NA,NA,NA,NA,NA,NA,NA,32.8315811157227,25.6867008209229,22.9787006378174,30.6538791656494,NA,NA,NA,25.064640045166,NA,NA,NA,NA,NA,NA,11.230019569397,12.629280090332,NA,17.8646602630615,23.0426998138428,NA,NA,NA,NA,NA,NA,NA,NA,NA,NA,NA,NA,NA,NA,NA,NA,NA,NA,NA,NA,NA,NA,NA,NA
United Kingdom,GBR,5.77375984191895,5.72829008102417,7.09274005889893,6.25495004653931,6.25823020935059,1.20213997364044,0.916260004043579,0.825890004634857,0.604550004005432,NA,NA,0.278380006551743,NA,NA,NA,NA,NA,NA,NA,NA,NA,NA,NA,NA,NA,NA,NA,1.53942000865936,1.40582001209259,0.73786997795105,0.101130001246929,NA,0.181610003113747,NA,NA,0.306439995765686,2.46044993400574,1.2897200584411601,NA,NA,1.68812000751495,5.07993984222412,1.37827003002167,1.36822998523712,1.21775996685028,NA,0.905510008335114,2.29341006278992,3.18505001068115,2.90212988853455,1.67507004737854,NA
United States,USA,NA,NA,NA,NA,NA,NA,NA,NA,NA,NA,NA,NA,NA,NA,NA,NA,NA,NA,NA,NA,NA,NA,NA,NA,NA,NA,NA,NA,NA,NA,NA,NA,NA,NA,NA,NA,NA,NA,NA,NA,NA,NA,NA,NA,NA,NA,NA,NA,NA,NA,NA,NA
Upper middle income,UMC,NA,NA,NA,NA,NA,NA,NA,NA,NA,NA,NA,NA,NA,NA,NA,NA,NA,NA,NA,NA,NA,NA,NA,NA,NA,NA,NA,NA,NA,NA,NA,NA,NA,NA,NA,NA,NA,NA,NA,NA,NA,NA,NA,NA,NA,NA,NA,NA,NA,NA,NA,NA
Uruguay,URY,NA,NA,NA,NA,NA,NA,NA,NA,NA,NA,NA,NA,NA,NA,NA,NA,NA,NA,NA,NA,NA,NA,NA,NA,NA,NA,NA,NA,NA,NA,NA,NA,NA,NA,NA,NA,8.38910961151123,10.0783395767212,10.8665399551392,NA,15.8810796737671,15.4910898208618,NA,7.4854998588562,0.885299980640411,3.0455598831176798,1.59091997146606,NA,0.476080000400543,1.08826994895935,2.05779719352722,NA
Uzbekistan,UZB,NA,NA,NA,NA,NA,NA,NA,NA,NA,NA,NA,NA,NA,NA,NA,NA,NA,NA,NA,NA,NA,NA,NA,NA,NA,NA,NA,NA,NA,NA,NA,NA,NA,NA,NA,NA,2.47784996032715,3.50266003608704,4.19207000732422,4.63418006896973,5.92871999740601,6.43106365203857,6.94187068939209,6.17581462860107,6.87017917633057,6.1072998046875,5.60382032394409,4.04848098754883,3.34757995605469,1.63283967971802,0.804263412952423,NA
Vanuatu,VUT,NA,NA,NA,NA,NA,NA,NA,NA,NA,NA,NA,NA,NA,NA,NA,NA,NA,NA,45.688419342041,NA,NA,NA,NA,NA,NA,NA,NA,NA,34.1555290222168,19.7947692871094,27.0232791900635,21.6661491394043,26.7750701904297,25.0765399932861,NA,NA,NA,NA,NA,NA,NA,NA,NA,NA,6.51048994064331,NA,NA,NA,NA,18.8070907592773,12.5167903900146,7.74702978134155
"Venezuela, RB",VEN,NA,NA,NA,NA,NA,NA,NA,NA,NA,NA,NA,NA,NA,NA,NA,NA,NA,NA,NA,NA,NA,NA,NA,NA,NA,NA,NA,NA,23.7851104736328,22.5205402374268,19.0912609100342,16.3490295410156,14.9529399871826,12.6269302368164,11.3331298828125,8.48740005493164,5.291100025177,7.47045993804932,6.08023977279663,7.84158992767334,9.16497993469238,6.94795989990234,4.61880016326904,6.68943977355957,8.60828018188477,10.4136400222778,16.0658893585205,NA,NA,NA,NA,NA
Viet Nam,VNM,NA,NA,NA,NA,NA,NA,NA,NA,NA,NA,NA,NA,NA,NA,NA,NA,NA,NA,NA,NA,NA,NA,NA,NA,NA,NA,NA,NA,NA,NA,NA,NA,NA,NA,NA,NA,NA,NA,NA,NA,NA,NA,NA,12.9335775375366,9.79590320587158,8.0438175201416,6.63971376419067,3.23272848129272,1.43543517589569,NA,NA,NA
Virgin Islands (U.S.),VIR,NA,NA,NA,NA,NA,NA,NA,NA,NA,NA,NA,NA,NA,NA,NA,NA,NA,NA,NA,NA,NA,NA,NA,NA,NA,NA,NA,NA,NA,NA,NA,NA,NA,NA,NA,NA,NA,NA,NA,NA,NA,NA,NA,NA,NA,NA,NA,NA,NA,NA,NA,NA
West Bank and Gaza,PSE,NA,NA,NA,NA,NA,NA,NA,NA,NA,NA,NA,NA,NA,NA,NA,NA,NA,NA,NA,NA,NA,NA,NA,NA,NA,NA,NA,NA,20.3263607025146,17.8899307250977,15.3524599075317,14.3397302627563,11.3435497283936,8.88237953186035,6.47189998626709,6.12080001831055,6.15771007537842,7.12809991836548,7.53781986236572,9.21261978149414,9.98686027526855,10.0506496429443,10.0703496932983,9.78546047210693,8.68927955627441,8.00415992736816,6.46557998657227,4.6735200881958,4.19316005706787,4.05705976486206,3.8667299747467,4.00734996795654
World,WLD,NA,NA,NA,NA,NA,NA,NA,NA,NA,NA,NA,NA,NA,NA,NA,NA,NA,NA,NA,NA,NA,NA,NA,NA,NA,NA,NA,NA,NA,NA,NA,NA,NA,NA,NA,NA,NA,NA,NA,NA,NA,NA,NA,NA,NA,NA,NA,NA,NA,NA,NA,NA
"Yemen, Rep.",YEM,NA,NA,NA,NA,NA,NA,NA,NA,NA,NA,NA,NA,NA,NA,NA,NA,NA,NA,NA,NA,NA,NA,NA,NA,NA,NA,NA,NA,66.0249099731445,NA,NA,NA,NA,NA,NA,NA,NA,NA,NA,54.3022918701172,NA,52.3908004760742,46.9793090820312,NA,NA,39.4703598022461,NA,NA,NA,NA,NA,NA
Zambia,ZMB,NA,NA,NA,NA,NA,NA,NA,NA,NA,NA,NA,NA,NA,NA,NA,NA,NA,NA,NA,NA,NA,NA,NA,NA,NA,NA,NA,NA,NA,NA,NA,NA,NA,NA,NA,NA,NA,NA,NA,NA,NA,NA,NA,NA,NA,NA,NA,NA,NA,NA,NA,NA
Zimbabwe,ZWE,NA,NA,NA,NA,NA,NA,NA,NA,NA,NA,NA,NA,NA,NA,NA,NA,NA,NA,NA,NA,NA,NA,NA,NA,NA,NA,NA,NA,23.3109493255615,19.8118896484375,NA,20.1913890838623,22.5281791687012,NA,NA,NA,NA,NA,NA,NA,NA,12.2858800888062,11.1169004440308,11.6682090759277,21.9404277801514,NA,NA,NA,NA,NA,NA,NA
